{"stats":{"minecraft:crafted":{"minecraft:oak_planks":52,"minecraft:crafting_table":1,"minecraft:stick":4,"minecraft:wooden_pickaxe":1,"minecraft:stone_axe":1},"minecraft:used":{"minecraft:wooden_pickaxe":6,"minecraft:stone_axe":34,"minecraft:sweet_berries":7,"minecraft:crafting_table":2,"alexsmobs:animal_dictionary":1},"minecraft:picked_up":{"minecraft:birch_log":8,"minecraft:stick":8,"minecraft:crafting_table":2,"minecraft:feather":4,"minecraft:chicken":2,"minecraft:sweet_berries":49,"minecraft:leather":2,"minecraft:oak_log":31,"minecraft:gunpowder":1,"minecraft:dirt":5,"minecraft:beef":5,"minecraft:oak_sapling":7,"minecraft:birch_sapling":2,"minecraft:cobblestone":6,"minecraft:egg":2},"minecraft:custom":{"minecraft:time_since_rest":16134,"minecraft:sprint_one_cm":65353,"minecraft:walk_one_cm":57135,"minecraft:mob_kills":5,"minecraft:damage_dealt":540,"minecraft:swim_one_cm":9657,"minecraft:interact_with_crafting_table":3,"minecraft:fly_one_cm":47042,"minecraft:crouch_one_cm":282,"minecraft:play_time":16134,"minecraft:sneak_time":215,"minecraft:walk_under_water_one_cm":1567,"minecraft:jump":251,"minecraft:walk_on_water_one_cm":6004,"minecraft:time_since_death":16134,"minecraft:total_world_time":16134,"minecraft:fall_one_cm":5194},"minecraft:killed":{"minecraft:chicken":1,"minecraft:creeper":1,"minecraft:cow":3},"minecraft:mined":{"minecraft:large_fern":1,"minecraft:birch_log":8,"minecraft:sweet_berry_bush":18,"minecraft:birch_leaves":1,"minecraft:crafting_table":2,"minecraft:grass_block":3,"minecraft:oak_log":31,"minecraft:dirt":2,"minecraft:stone":6,"minecraft:oak_leaves":7,"minecraft:fern":1}},"DataVersion":3465}