{"stats":{"minecraft:crafted":{"minecraft:cooked_beef":4,"minecraft:oak_planks":52,"minecraft:crafting_table":2,"minecraft:wooden_pickaxe":1,"minecraft:furnace":2,"minecraft:birch_planks":4,"minecraft:stone_axe":1,"minecraft:cooked_mutton":2,"minecraft:air":0,"minecraft:shield":3,"minecraft:stick":20,"minecraft:stone_pickaxe":4,"minecraft:chest":2,"minecraft:torch":28},"minecraft:used":{"minecraft:moss_block":1,"minecraft:water_bucket":1,"minecraft:stone_pickaxe":89,"minecraft:shield":11,"minecraft:chest":2,"minecraft:wooden_pickaxe":59,"minecraft:rotten_flesh":4,"minecraft:torch":21,"minecraft:dirt":12,"minecraft:crafting_table":4,"minecraft:red_bed":1,"minecraft:milk_bucket":1,"alexsmobs:maggot":2,"minecraft:lava_bucket":2,"minecraft:bread":11,"minecraft:stone_axe":88,"minecraft:cobblestone":11,"minecraft:sweet_berries":59,"minecraft:furnace":3,"minecraft:bucket":3,"alexsmobs:animal_dictionary":3,"minecraft:cooked_beef":1,"minecraft:coarse_dirt":2},"minecraft:picked_up":{"minecraft:birch_log":9,"minecraft:wheat":2,"minecraft:crafting_table":3,"minecraft:coarse_dirt":4,"minecraft:allium":1,"minecraft:feather":4,"minecraft:lilac":1,"minecraft:chicken":2,"minecraft:flower_pot":1,"minecraft:water_bucket":1,"minecraft:leather":7,"minecraft:potato":1,"minecraft:wither_rose":2,"minecraft:flint":1,"minecraft:oak_log":31,"minecraft:chainmail_chestplate":1,"minecraft:gunpowder":1,"minecraft:dirt":35,"minecraft:string":4,"minecraft:red_bed":5,"minecraft:raw_copper":9,"minecraft:bone":2,"minecraft:iron_ingot":24,"minecraft:beef":13,"minecraft:rose_bush":1,"minecraft:lectern":2,"minecraft:moss_block":3,"minecraft:birch_sapling":2,"minecraft:egg":2,"minecraft:furnace":1,"minecraft:book":18,"minecraft:stick":13,"aquaculture:smallmouth_bass":1,"minecraft:pumpkin":5,"minecraft:sweet_berries":49,"minecraft:torch":1,"minecraft:dandelion":1,"minecraft:spruce_stairs":1,"minecraft:gravel":12,"minecraft:spider_eye":1,"minecraft:arrow":1,"minecraft:rotten_flesh":8,"minecraft:stone_axe":1,"minecraft:granite":16,"minecraft:emerald":2,"minecraft:cod":2,"minecraft:spruce_sign":2,"minecraft:bread":45,"alexsmobs:maggot":2,"minecraft:oak_sapling":7,"minecraft:mutton":2,"minecraft:black_wool":1,"minecraft:coal":95,"minecraft:white_wool":1,"minecraft:cobblestone":44,"minecraft:ender_pearl":1},"minecraft:dropped":{"minecraft:bread":21,"minecraft:white_wool":1,"minecraft:black_wool":1},"minecraft:killed_by":{"minecraft:creeper":1},"minecraft:broken":{"minecraft:stone_axe":1,"minecraft:wooden_pickaxe":1},"minecraft:custom":{"minecraft:interact_with_furnace":14,"minecraft:mob_kills":24,"minecraft:interact_with_crafting_table":18,"minecraft:open_barrel":8,"minecraft:leave_game":1,"minecraft:time_since_death":28829,"minecraft:time_since_rest":28972,"minecraft:sprint_one_cm":180062,"minecraft:damage_taken":1342,"minecraft:walk_one_cm":245954,"minecraft:damage_blocked_by_shield":915,"minecraft:drop":5,"minecraft:damage_dealt":3774,"minecraft:swim_one_cm":25138,"minecraft:fly_one_cm":155177,"minecraft:open_chest":19,"minecraft:crouch_one_cm":1371,"minecraft:play_time":71567,"minecraft:deaths":1,"minecraft:sneak_time":667,"minecraft:walk_under_water_one_cm":3594,"minecraft:jump":1272,"minecraft:use_cauldron":1,"minecraft:walk_on_water_one_cm":8306,"minecraft:total_world_time":71567,"minecraft:fall_one_cm":30579},"minecraft:killed":{"minecraft:spider":2,"aquaculture:smallmouth_bass":1,"minecraft:creeper":1,"minecraft:sheep":1,"minecraft:skeleton":2,"minecraft:zombie":6,"minecraft:chicken":1,"alexsmobs:fly":1,"minecraft:enderman":1,"minecraft:piglin_brute":3,"minecraft:cow":5},"minecraft:mined":{"minecraft:red_bed":3,"minecraft:dandelion":1,"minecraft:crafting_table":3,"minecraft:granite":1,"minecraft:grass_block":4,"minecraft:lectern":1,"minecraft:spruce_wall_sign":1,"minecraft:large_fern":1,"minecraft:coarse_dirt":3,"minecraft:furnace":1,"minecraft:birch_log":8,"minecraft:sweet_berry_bush":23,"minecraft:birch_leaves":2,"minecraft:pumpkin":5,"minecraft:wither_rose":1,"minecraft:bookshelf":3,"minecraft:oak_log":31,"minecraft:coal_ore":97,"minecraft:gravel":14,"minecraft:dirt":6,"minecraft:stone":48,"minecraft:oak_leaves":9,"minecraft:fern":1}},"DataVersion":3465}