{"stats":{"minecraft:crafted":{"minecraft:cooked_beef":4,"minecraft:oak_planks":76,"minecraft:crafting_table":2,"minecraft:iron_helmet":1,"minecraft:wooden_pickaxe":1,"minecraft:furnace":2,"minecraft:birch_planks":24,"minecraft:stone_axe":1,"minecraft:cooked_mutton":2,"minecraft:air":0,"minecraft:iron_chestplate":1,"minecraft:shield":3,"minecraft:stick":24,"minecraft:stone_pickaxe":4,"minecraft:stone_sword":1,"minecraft:chest":4,"minecraft:iron_leggings":1,"minecraft:torch":32},"minecraft:used":{"minecraft:moss_block":1,"minecraft:water_bucket":1,"minecraft:diorite":4,"minecraft:stone_pickaxe":184,"minecraft:shield":20,"minecraft:chest":4,"minecraft:wooden_pickaxe":59,"minecraft:rotten_flesh":4,"minecraft:torch":26,"minecraft:dirt":12,"minecraft:crafting_table":5,"minecraft:red_bed":2,"minecraft:milk_bucket":1,"alexsmobs:maggot":2,"minecraft:lava_bucket":2,"minecraft:bread":19,"minecraft:stone_axe":88,"minecraft:cobblestone":15,"minecraft:sweet_berries":59,"minecraft:andesite":2,"minecraft:furnace":3,"minecraft:bucket":3,"alexsmobs:animal_dictionary":3,"minecraft:cooked_beef":1,"minecraft:coarse_dirt":2},"minecraft:picked_up":{"minecraft:birch_log":14,"minecraft:wheat":2,"minecraft:crafting_table":4,"minecraft:coarse_dirt":4,"minecraft:allium":1,"minecraft:feather":4,"minecraft:lilac":1,"minecraft:chicken":2,"minecraft:flower_pot":1,"minecraft:water_bucket":1,"minecraft:andesite":2,"minecraft:leather":7,"minecraft:potato":1,"minecraft:wither_rose":2,"minecraft:flint":1,"minecraft:oak_log":37,"minecraft:chainmail_chestplate":1,"minecraft:gunpowder":1,"minecraft:dirt":35,"minecraft:string":6,"minecraft:red_bed":5,"minecraft:raw_copper":9,"minecraft:bone":3,"minecraft:iron_ingot":24,"minecraft:beef":13,"minecraft:rose_bush":1,"minecraft:lectern":2,"minecraft:moss_block":3,"minecraft:birch_sapling":2,"minecraft:egg":2,"minecraft:furnace":1,"minecraft:book":18,"minecraft:raw_iron":1,"minecraft:stick":13,"aquaculture:smallmouth_bass":1,"minecraft:pumpkin":5,"minecraft:sweet_berries":49,"minecraft:torch":2,"minecraft:dandelion":1,"minecraft:spruce_stairs":1,"minecraft:gravel":12,"minecraft:diorite":4,"minecraft:spider_eye":1,"minecraft:arrow":3,"minecraft:rotten_flesh":10,"minecraft:stone_axe":1,"minecraft:granite":33,"minecraft:emerald":2,"minecraft:cod":2,"minecraft:spruce_sign":2,"minecraft:bread":45,"alexsmobs:maggot":2,"minecraft:oak_sapling":7,"minecraft:mutton":2,"minecraft:black_wool":1,"minecraft:coal":166,"minecraft:white_wool":1,"minecraft:cobblestone":51,"minecraft:ender_pearl":1},"minecraft:dropped":{"minecraft:bread":21,"minecraft:granite":13,"minecraft:string":4,"minecraft:white_wool":1,"minecraft:black_wool":1},"minecraft:killed_by":{"minecraft:creeper":1},"minecraft:broken":{"minecraft:stone_axe":1,"minecraft:wooden_pickaxe":1},"minecraft:custom":{"minecraft:interact_with_furnace":14,"minecraft:mob_kills":26,"minecraft:interact_with_crafting_table":29,"minecraft:open_barrel":8,"minecraft:leave_game":1,"minecraft:time_since_death":52829,"minecraft:sleep_in_bed":2,"minecraft:time_since_rest":5189,"minecraft:sprint_one_cm":236682,"minecraft:damage_taken":1678,"minecraft:walk_one_cm":304152,"minecraft:damage_blocked_by_shield":1440,"minecraft:drop":8,"minecraft:damage_dealt":4016,"minecraft:swim_one_cm":25138,"minecraft:fly_one_cm":200354,"minecraft:open_chest":28,"minecraft:crouch_one_cm":2607,"minecraft:play_time":95567,"minecraft:deaths":1,"minecraft:sneak_time":1591,"minecraft:walk_under_water_one_cm":3594,"minecraft:jump":1832,"minecraft:use_cauldron":1,"minecraft:walk_on_water_one_cm":8306,"minecraft:total_world_time":95567,"minecraft:fall_one_cm":38850},"minecraft:killed":{"minecraft:spider":2,"aquaculture:smallmouth_bass":1,"minecraft:creeper":1,"minecraft:sheep":1,"minecraft:skeleton":3,"minecraft:zombie":7,"minecraft:chicken":1,"alexsmobs:fly":1,"minecraft:enderman":1,"minecraft:piglin_brute":3,"minecraft:cow":5},"minecraft:mined":{"minecraft:red_bed":3,"minecraft:dandelion":1,"minecraft:crafting_table":4,"minecraft:granite":5,"minecraft:grass_block":4,"minecraft:lectern":1,"minecraft:spruce_wall_sign":1,"minecraft:diorite":4,"minecraft:wall_torch":1,"minecraft:large_fern":1,"minecraft:coarse_dirt":3,"minecraft:furnace":1,"minecraft:birch_log":13,"minecraft:iron_ore":1,"minecraft:sweet_berry_bush":23,"minecraft:andesite":2,"minecraft:birch_leaves":2,"minecraft:pumpkin":5,"minecraft:wither_rose":1,"minecraft:bookshelf":3,"minecraft:oak_log":37,"minecraft:coal_ore":168,"minecraft:gravel":14,"minecraft:dirt":6,"minecraft:stone":55,"minecraft:oak_leaves":9,"minecraft:fern":1}},"DataVersion":3465}