{"stats":{"minecraft:crafted":{"minecraft:oak_planks":76,"minecraft:furnace":2,"minecraft:cooked_mutton":2,"minecraft:stone_pickaxe":4,"minecraft:chest":4,"minecraft:cooked_beef":4,"minecraft:crafting_table":2,"minecraft:wooden_pickaxe":1,"minecraft:iron_helmet":1,"minecraft:birch_planks":24,"minecraft:stone_axe":1,"minecraft:air":0,"minecraft:iron_chestplate":1,"minecraft:shield":3,"minecraft:stick":24,"minecraft:stone_sword":1,"minecraft:iron_leggings":1,"minecraft:torch":32},"minecraft:used":{"minecraft:moss_block":1,"minecraft:stone_sword":8,"minecraft:chest":4,"minecraft:shield":20,"minecraft:rotten_flesh":4,"minecraft:iron_chestplate":1,"minecraft:torch":35,"minecraft:dirt":12,"minecraft:tuff":5,"minecraft:milk_bucket":1,"alexsmobs:maggot":2,"minecraft:lava_bucket":2,"minecraft:iron_helmet":1,"minecraft:sweet_berries":59,"minecraft:furnace":3,"minecraft:cooked_beef":1,"minecraft:cobbled_deepslate":5,"minecraft:iron_leggings":1,"minecraft:water_bucket":1,"minecraft:diorite":4,"minecraft:stone_pickaxe":352,"minecraft:wooden_pickaxe":59,"minecraft:crafting_table":5,"minecraft:red_bed":2,"minecraft:bread":23,"minecraft:stone_axe":88,"minecraft:cobblestone":39,"minecraft:bucket":3,"minecraft:andesite":7,"alexsmobs:animal_dictionary":3,"minecraft:coarse_dirt":2},"minecraft:picked_up":{"minecraft:coarse_dirt":4,"minecraft:crafting_table":4,"minecraft:iron_chestplate":2,"minecraft:allium":1,"minecraft:wheat":2,"minecraft:chicken":2,"minecraft:flower_pot":1,"minecraft:wither_rose":2,"minecraft:shield":2,"minecraft:string":6,"minecraft:red_bed":5,"minecraft:raw_copper":9,"minecraft:iron_leggings":2,"minecraft:iron_shovel":1,"minecraft:cobbled_deepslate":159,"minecraft:beef":17,"minecraft:rose_bush":1,"minecraft:lectern":2,"minecraft:birch_sapling":2,"minecraft:furnace":1,"minecraft:egg":2,"minecraft:stick":13,"minecraft:raw_iron":21,"minecraft:torch":7,"minecraft:spruce_stairs":1,"minecraft:diorite":4,"minecraft:arrow":7,"minecraft:rotten_flesh":12,"minecraft:mutton":2,"minecraft:cod":2,"minecraft:white_wool":1,"minecraft:cobblestone":123,"minecraft:birch_log":14,"minecraft:feather":4,"minecraft:lilac":1,"minecraft:water_bucket":1,"minecraft:andesite":60,"minecraft:leather":7,"minecraft:potato":1,"minecraft:flint":1,"minecraft:tuff":29,"minecraft:oak_log":37,"minecraft:chainmail_chestplate":1,"minecraft:gunpowder":1,"minecraft:lapis_lazuli":66,"minecraft:dirt":35,"minecraft:bone":3,"minecraft:iron_ingot":24,"minecraft:stone_pickaxe":6,"minecraft:moss_block":3,"minecraft:book":18,"aquaculture:smallmouth_bass":1,"minecraft:pumpkin":5,"minecraft:sweet_berries":49,"minecraft:dandelion":1,"minecraft:gravel":17,"minecraft:spider_eye":1,"minecraft:stone_axe":1,"minecraft:iron_helmet":2,"minecraft:granite":33,"minecraft:spruce_sign":2,"minecraft:bread":59,"minecraft:emerald":2,"alexsmobs:maggot":2,"minecraft:coal":166,"minecraft:oak_sapling":7,"minecraft:black_wool":1,"minecraft:ender_pearl":1},"minecraft:dropped":{"minecraft:bread":21,"minecraft:granite":13,"minecraft:string":4,"minecraft:white_wool":1,"minecraft:black_wool":1},"minecraft:killed_by":{"minecraft:creeper":1,"cave_dweller:cave_dweller":2},"minecraft:broken":{"minecraft:wooden_pickaxe":1,"minecraft:stone_pickaxe":1,"minecraft:stone_axe":1},"minecraft:custom":{"minecraft:mob_kills":27,"minecraft:interact_with_crafting_table":29,"minecraft:open_barrel":8,"minecraft:leave_game":1,"minecraft:time_since_death":7014,"minecraft:sprint_one_cm":256566,"minecraft:walk_one_cm":404978,"minecraft:damage_blocked_by_shield":1440,"minecraft:drop":8,"minecraft:play_time":119567,"minecraft:deaths":3,"minecraft:sneak_time":2044,"minecraft:walk_under_water_one_cm":3594,"minecraft:jump":2106,"minecraft:walk_on_water_one_cm":8397,"minecraft:total_world_time":119567,"minecraft:interact_with_furnace":15,"minecraft:sleep_in_bed":2,"minecraft:time_since_rest":7656,"minecraft:damage_taken":2374,"minecraft:damage_dealt":4321,"minecraft:swim_one_cm":25138,"minecraft:fly_one_cm":209113,"minecraft:open_chest":28,"minecraft:crouch_one_cm":3492,"minecraft:fall_one_cm":44346,"minecraft:use_cauldron":1},"minecraft:killed":{"minecraft:spider":2,"aquaculture:smallmouth_bass":1,"minecraft:skeleton":3,"minecraft:chicken":1,"minecraft:piglin_brute":3,"minecraft:creeper":1,"minecraft:sheep":1,"minecraft:zombie":8,"alexsmobs:fly":1,"minecraft:cow":5,"minecraft:enderman":1},"minecraft:mined":{"minecraft:tuff":10,"minecraft:granite":5,"minecraft:grass_block":4,"minecraft:large_fern":1,"minecraft:furnace":1,"minecraft:iron_ore":7,"minecraft:andesite":23,"minecraft:pumpkin":5,"minecraft:deepslate_lapis_ore":3,"minecraft:bookshelf":3,"minecraft:deepslate_iron_ore":4,"minecraft:stone":90,"minecraft:red_bed":3,"minecraft:dandelion":1,"minecraft:crafting_table":4,"minecraft:lectern":1,"minecraft:spruce_wall_sign":1,"minecraft:cobblestone":1,"minecraft:diorite":4,"minecraft:wall_torch":2,"minecraft:coarse_dirt":3,"minecraft:birch_log":13,"minecraft:sweet_berry_bush":23,"minecraft:birch_leaves":2,"minecraft:wither_rose":1,"minecraft:coal_ore":168,"minecraft:oak_log":37,"minecraft:gravel":14,"minecraft:dirt":6,"minecraft:oak_leaves":9,"minecraft:deepslate":86,"minecraft:fern":1}},"DataVersion":3465}