{"stats":{"minecraft:dropped":{"minecraft:bread":23,"minecraft:granite":13,"minecraft:iron_shovel":1,"minecraft:string":4,"minecraft:white_wool":1,"minecraft:black_wool":1},"minecraft:picked_up":{"minecraft:wooden_axe":1,"minecraft:crafting_table":4,"minecraft:iron_chestplate":4,"minecraft:coarse_dirt":4,"minecraft:wheat":2,"minecraft:allium":1,"minecraft:chicken":2,"minecraft:flower_pot":1,"minecraft:diamond_sword":1,"minecraft:wither_rose":2,"minecraft:shield":4,"minecraft:string":9,"minecraft:red_bed":5,"minecraft:raw_copper":370,"minecraft:iron_leggings":4,"minecraft:iron_shovel":2,"minecraft:beetroot":1,"minecraft:cobbled_deepslate":741,"minecraft:bucket":1,"minecraft:beef":35,"minecraft:rose_bush":1,"minecraft:iron_pickaxe":2,"minecraft:lectern":2,"minecraft:chest":2,"minecraft:birch_sapling":2,"minecraft:furnace":1,"minecraft:iron_boots":1,"minecraft:egg":2,"minecraft:stick":16,"minecraft:raw_iron":83,"minecraft:raw_gold_block":1,"minecraft:torch":82,"minecraft:spruce_stairs":1,"minecraft:diorite":4,"minecraft:redstone":14,"minecraft:arrow":15,"minecraft:rotten_flesh":32,"minecraft:beetroot_seeds":4,"minecraft:mutton":2,"minecraft:cod":2,"minecraft:white_wool":1,"minecraft:cobblestone":242,"minecraft:birch_log":24,"minecraft:feather":4,"minecraft:lilac":1,"minecraft:glow_ink_sac":4,"minecraft:tripwire_hook":1,"minecraft:water_bucket":1,"minecraft:andesite":61,"minecraft:leather":12,"minecraft:potato":1,"minecraft:birch_planks":9,"minecraft:flint":2,"minecraft:tuff":68,"minecraft:oak_log":102,"minecraft:chainmail_chestplate":2,"minecraft:gunpowder":3,"minecraft:lapis_lazuli":109,"minecraft:dirt":63,"minecraft:bone":10,"minecraft:apple":1,"minecraft:wheat_seeds":3,"minecraft:raw_gold":11,"minecraft:stone_pickaxe":8,"minecraft:iron_ingot":33,"minecraft:moss_block":3,"minecraft:iron_sword":1,"minecraft:oak_planks":10,"minecraft:book":27,"aquaculture:smallmouth_bass":1,"minecraft:pumpkin":5,"minecraft:sweet_berries":49,"minecraft:dandelion":1,"minecraft:gravel":58,"minecraft:grass_block":1,"minecraft:spider_eye":2,"minecraft:diamond":1,"minecraft:stone_axe":1,"minecraft:chainmail_leggings":1,"minecraft:iron_helmet":4,"minecraft:granite":33,"minecraft:emerald":2,"minecraft:spruce_sign":2,"minecraft:bread":68,"minecraft:chainmail_helmet":1,"alexsmobs:maggot":3,"minecraft:coal":366,"minecraft:oak_sapling":16,"minecraft:black_wool":1,"minecraft:ender_pearl":1},"minecraft:killed_by":{"minecraft:creeper":1,"minecraft:skeleton":2,"minecraft:zombie":1,"cave_dweller:cave_dweller":4},"minecraft:used":{"minecraft:moss_block":1,"minecraft:stone_sword":8,"minecraft:ladder":14,"minecraft:chest":11,"minecraft:shield":36,"minecraft:iron_sword":30,"minecraft:cooked_salmon":3,"minecraft:rotten_flesh":37,"minecraft:iron_chestplate":1,"minecraft:torch":178,"minecraft:dirt":39,"minecraft:tuff":34,"minecraft:granite":13,"aquaculture:muskellunge":1,"minecraft:milk_bucket":1,"minecraft:wooden_axe":5,"alexsmobs:maggot":2,"minecraft:lava_bucket":2,"minecraft:iron_helmet":1,"minecraft:sweet_berries":59,"minecraft:furnace":4,"minecraft:cooked_beef":3,"minecraft:cobbled_deepslate":653,"minecraft:iron_leggings":1,"minecraft:cobbled_deepslate_wall":1,"minecraft:cooked_mutton":2,"minecraft:water_bucket":1,"minecraft:diorite":4,"minecraft:birch_planks":4,"minecraft:stone_pickaxe":1792,"minecraft:oak_planks":4,"minecraft:wooden_pickaxe":59,"minecraft:crafting_table":5,"minecraft:red_bed":2,"minecraft:bread":31,"minecraft:iron_pickaxe":21,"minecraft:deepslate":1,"minecraft:gravel":21,"minecraft:stone_axe":198,"minecraft:cobblestone":291,"minecraft:andesite":29,"minecraft:bucket":3,"alexsmobs:animal_dictionary":4,"minecraft:coarse_dirt":2},"minecraft:killed":{"minecraft:spider":2,"aquaculture:smallmouth_bass":1,"minecraft:skeleton":8,"minecraft:chicken":1,"minecraft:piglin_brute":3,"minecraft:creeper":2,"minecraft:sheep":1,"minecraft:zombie":18,"alexsmobs:fly":2,"minecraft:enderman":1,"minecraft:cow":13},"minecraft:broken":{"minecraft:wooden_pickaxe":1,"minecraft:stone_pickaxe":12,"minecraft:stone_axe":1,"minecraft:wooden_axe":1},"minecraft:crafted":{"minecraft:oak_planks":104,"minecraft:furnace":3,"minecraft:cooked_mutton":4,"minecraft:iron_boots":1,"minecraft:ladder":27,"minecraft:stone_pickaxe":17,"minecraft:chest":9,"minecraft:cooked_beef":6,"minecraft:crafting_table":2,"minecraft:wooden_pickaxe":1,"minecraft:iron_helmet":2,"minecraft:cooked_salmon":3,"minecraft:cobbled_deepslate_wall":6,"minecraft:birch_planks":72,"minecraft:stone_axe":5,"minecraft:air":0,"minecraft:iron_chestplate":2,"minecraft:charcoal":28,"minecraft:shield":3,"minecraft:stick":136,"minecraft:iron_ingot":11,"minecraft:stone_sword":1,"minecraft:iron_leggings":2,"minecraft:torch":104},"minecraft:mined":{"minecraft:tuff":54,"minecraft:granite":5,"minecraft:grass_block":17,"minecraft:large_fern":1,"minecraft:furnace":1,"minecraft:iron_ore":56,"minecraft:cobbled_deepslate":113,"minecraft:andesite":24,"minecraft:pumpkin":5,"minecraft:deepslate_lapis_ore":3,"minecraft:bookshelf":6,"minecraft:deepslate_iron_ore":15,"minecraft:stone":159,"minecraft:red_bed":3,"minecraft:dandelion":1,"minecraft:crafting_table":4,"minecraft:torch":14,"minecraft:chest":2,"minecraft:lectern":1,"minecraft:spruce_wall_sign":1,"minecraft:copper_ore":106,"minecraft:cobblestone":6,"minecraft:lapis_ore":6,"minecraft:deepslate_gold_ore":11,"minecraft:diorite":4,"minecraft:wall_torch":49,"minecraft:coarse_dirt":3,"minecraft:birch_log":18,"minecraft:sweet_berry_bush":23,"minecraft:birch_leaves":2,"minecraft:wither_rose":1,"minecraft:grass":59,"minecraft:oak_log":104,"minecraft:coal_ore":368,"minecraft:gravel":113,"minecraft:dirt":7,"minecraft:tripwire_hook":1,"minecraft:oak_leaves":20,"minecraft:deepslate":912,"minecraft:fern":1},"minecraft:custom":{"minecraft:mob_kills":53,"minecraft:interact_with_crafting_table":56,"minecraft:open_barrel":46,"minecraft:leave_game":16,"minecraft:time_since_death":277913,"minecraft:climb_one_cm":6104,"minecraft:sprint_one_cm":614083,"minecraft:walk_one_cm":1567591,"minecraft:damage_blocked_by_shield":2625,"minecraft:drop":11,"minecraft:play_time":434714,"minecraft:deaths":8,"minecraft:sneak_time":37702,"minecraft:walk_under_water_one_cm":25720,"minecraft:jump":6809,"minecraft:walk_on_water_one_cm":23818,"minecraft:total_world_time":434714,"minecraft:interact_with_furnace":48,"minecraft:sleep_in_bed":12,"minecraft:time_since_rest":30637,"minecraft:damage_taken":4417,"minecraft:damage_dealt":8761,"minecraft:swim_one_cm":37000,"minecraft:fly_one_cm":462341,"minecraft:open_chest":163,"minecraft:crouch_one_cm":99506,"minecraft:fall_one_cm":93293,"minecraft:interact_with_smoker":9,"minecraft:use_cauldron":1}},"DataVersion":3465}