{"stats":{"minecraft:broken":{"minecraft:wooden_pickaxe":1,"minecraft:stone_pickaxe":7,"minecraft:stone_axe":1},"minecraft:killed_by":{"minecraft:creeper":1,"minecraft:skeleton":2,"minecraft:zombie":1,"cave_dweller:cave_dweller":4},"minecraft:killed":{"minecraft:spider":2,"aquaculture:smallmouth_bass":1,"minecraft:skeleton":5,"minecraft:chicken":1,"minecraft:piglin_brute":3,"minecraft:creeper":2,"minecraft:sheep":1,"minecraft:zombie":9,"alexsmobs:fly":1,"minecraft:enderman":1,"minecraft:cow":12},"minecraft:mined":{"minecraft:tuff":20,"minecraft:granite":5,"minecraft:grass_block":4,"minecraft:large_fern":1,"minecraft:furnace":1,"minecraft:iron_ore":7,"minecraft:cobbled_deepslate":68,"minecraft:andesite":23,"minecraft:pumpkin":5,"minecraft:deepslate_lapis_ore":3,"minecraft:bookshelf":6,"minecraft:deepslate_iron_ore":4,"minecraft:stone":90,"minecraft:red_bed":3,"minecraft:dandelion":1,"minecraft:crafting_table":4,"minecraft:torch":2,"minecraft:lectern":1,"minecraft:spruce_wall_sign":1,"minecraft:cobblestone":1,"minecraft:diorite":4,"minecraft:wall_torch":2,"minecraft:coarse_dirt":3,"minecraft:birch_log":13,"minecraft:sweet_berry_bush":23,"minecraft:birch_leaves":2,"minecraft:wither_rose":1,"minecraft:oak_log":37,"minecraft:coal_ore":168,"minecraft:gravel":113,"minecraft:dirt":7,"minecraft:tripwire_hook":1,"minecraft:oak_leaves":9,"minecraft:deepslate":663,"minecraft:fern":1},"minecraft:custom":{"minecraft:mob_kills":38,"minecraft:interact_with_crafting_table":37,"minecraft:open_barrel":19,"minecraft:leave_game":6,"minecraft:time_since_death":79608,"minecraft:sprint_one_cm":444760,"minecraft:walk_one_cm":859278,"minecraft:damage_blocked_by_shield":2055,"minecraft:drop":11,"minecraft:play_time":236409,"minecraft:deaths":8,"minecraft:sneak_time":8267,"minecraft:walk_under_water_one_cm":21531,"minecraft:jump":3906,"minecraft:walk_on_water_one_cm":22763,"minecraft:total_world_time":236409,"minecraft:interact_with_furnace":33,"minecraft:sleep_in_bed":4,"minecraft:time_since_rest":26,"minecraft:damage_taken":3996,"minecraft:damage_dealt":6368,"minecraft:swim_one_cm":35937,"minecraft:fly_one_cm":346549,"minecraft:open_chest":50,"minecraft:crouch_one_cm":14915,"minecraft:interact_with_smoker":1,"minecraft:use_cauldron":1,"minecraft:fall_one_cm":68704},"minecraft:used":{"minecraft:moss_block":1,"minecraft:stone_sword":8,"minecraft:chest":5,"minecraft:shield":28,"minecraft:iron_sword":30,"minecraft:cooked_salmon":3,"minecraft:rotten_flesh":6,"minecraft:iron_chestplate":1,"minecraft:torch":51,"minecraft:dirt":25,"minecraft:tuff":9,"aquaculture:muskellunge":1,"minecraft:milk_bucket":1,"minecraft:wooden_axe":1,"alexsmobs:maggot":2,"minecraft:lava_bucket":2,"minecraft:iron_helmet":1,"minecraft:sweet_berries":59,"minecraft:furnace":4,"minecraft:cooked_beef":1,"minecraft:cobbled_deepslate":168,"minecraft:iron_leggings":1,"minecraft:cooked_mutton":2,"minecraft:water_bucket":1,"minecraft:diorite":4,"minecraft:stone_pickaxe":1021,"minecraft:wooden_pickaxe":59,"minecraft:crafting_table":5,"minecraft:red_bed":2,"minecraft:bread":31,"minecraft:gravel":21,"minecraft:stone_axe":88,"minecraft:cobblestone":39,"minecraft:andesite":7,"minecraft:bucket":3,"alexsmobs:animal_dictionary":3,"minecraft:coarse_dirt":2},"minecraft:crafted":{"minecraft:oak_planks":76,"minecraft:furnace":3,"minecraft:cooked_mutton":4,"minecraft:stone_pickaxe":12,"minecraft:chest":5,"minecraft:cooked_beef":4,"minecraft:crafting_table":2,"minecraft:wooden_pickaxe":1,"minecraft:iron_helmet":1,"minecraft:cooked_salmon":3,"minecraft:birch_planks":28,"minecraft:stone_axe":1,"minecraft:air":0,"minecraft:iron_chestplate":1,"minecraft:shield":3,"minecraft:stick":40,"minecraft:stone_sword":1,"minecraft:iron_leggings":1,"minecraft:torch":32},"minecraft:dropped":{"minecraft:bread":23,"minecraft:granite":13,"minecraft:iron_shovel":1,"minecraft:string":4,"minecraft:white_wool":1,"minecraft:black_wool":1},"minecraft:picked_up":{"minecraft:wooden_axe":1,"minecraft:crafting_table":4,"minecraft:iron_chestplate":4,"minecraft:coarse_dirt":4,"minecraft:wheat":2,"minecraft:allium":1,"minecraft:chicken":2,"minecraft:flower_pot":1,"minecraft:wither_rose":2,"minecraft:shield":4,"minecraft:string":9,"minecraft:red_bed":5,"minecraft:raw_copper":13,"minecraft:iron_leggings":4,"minecraft:iron_shovel":2,"minecraft:beetroot":1,"minecraft:cobbled_deepslate":449,"minecraft:bucket":1,"minecraft:beef":33,"minecraft:rose_bush":1,"minecraft:iron_pickaxe":2,"minecraft:lectern":2,"minecraft:birch_sapling":2,"minecraft:egg":2,"minecraft:iron_boots":1,"minecraft:furnace":1,"minecraft:stick":14,"minecraft:raw_iron":23,"minecraft:raw_gold_block":1,"minecraft:torch":23,"minecraft:spruce_stairs":1,"minecraft:diorite":4,"minecraft:redstone":14,"minecraft:arrow":11,"minecraft:rotten_flesh":27,"minecraft:beetroot_seeds":4,"minecraft:mutton":2,"minecraft:cod":2,"minecraft:white_wool":1,"minecraft:cobblestone":167,"minecraft:birch_log":19,"minecraft:feather":4,"minecraft:lilac":1,"minecraft:tripwire_hook":1,"minecraft:water_bucket":1,"minecraft:andesite":60,"minecraft:leather":12,"minecraft:potato":1,"minecraft:birch_planks":9,"minecraft:flint":2,"minecraft:tuff":34,"minecraft:oak_log":37,"minecraft:chainmail_chestplate":1,"minecraft:gunpowder":3,"minecraft:lapis_lazuli":66,"minecraft:dirt":48,"minecraft:bone":7,"minecraft:stone_pickaxe":8,"minecraft:iron_ingot":33,"minecraft:moss_block":3,"minecraft:iron_sword":1,"minecraft:oak_planks":10,"minecraft:book":27,"aquaculture:smallmouth_bass":1,"minecraft:pumpkin":5,"minecraft:sweet_berries":49,"minecraft:dandelion":1,"minecraft:gravel":58,"minecraft:grass_block":1,"minecraft:spider_eye":2,"minecraft:diamond":1,"minecraft:stone_axe":1,"minecraft:iron_helmet":4,"minecraft:granite":33,"minecraft:spruce_sign":2,"minecraft:emerald":2,"minecraft:bread":68,"minecraft:coal":166,"alexsmobs:maggot":2,"minecraft:oak_sapling":8,"minecraft:black_wool":1,"minecraft:ender_pearl":1}},"DataVersion":3465}