{"stats":{"minecraft:crafted":{"minecraft:cooked_beef":1,"minecraft:oak_planks":52,"minecraft:crafting_table":1,"minecraft:wooden_pickaxe":1,"minecraft:furnace":2,"minecraft:stone_axe":1,"minecraft:cooked_mutton":2,"minecraft:air":0,"minecraft:stick":4,"minecraft:chest":2},"minecraft:used":{"minecraft:chest":2,"minecraft:wooden_pickaxe":28,"minecraft:rotten_flesh":4,"minecraft:dirt":12,"minecraft:crafting_table":3,"alexsmobs:maggot":2,"minecraft:bread":2,"minecraft:stone_axe":77,"minecraft:sweet_berries":59,"minecraft:furnace":2,"alexsmobs:animal_dictionary":3,"minecraft:cooked_beef":1,"minecraft:coarse_dirt":2},"minecraft:picked_up":{"minecraft:birch_log":8,"minecraft:coarse_dirt":3,"minecraft:crafting_table":3,"minecraft:feather":4,"minecraft:chicken":2,"minecraft:leather":4,"minecraft:oak_log":31,"minecraft:gunpowder":1,"minecraft:dirt":12,"minecraft:string":2,"minecraft:red_bed":2,"minecraft:beef":8,"minecraft:lectern":1,"minecraft:birch_sapling":2,"minecraft:egg":2,"minecraft:furnace":1,"minecraft:book":9,"minecraft:stick":13,"aquaculture:smallmouth_bass":1,"minecraft:pumpkin":5,"minecraft:sweet_berries":49,"minecraft:dandelion":1,"minecraft:rotten_flesh":4,"minecraft:granite":7,"minecraft:spruce_sign":1,"alexsmobs:maggot":2,"minecraft:oak_sapling":7,"minecraft:black_wool":1,"minecraft:mutton":2,"minecraft:coal":5,"minecraft:white_wool":1,"minecraft:cobblestone":21,"minecraft:ender_pearl":1},"minecraft:dropped":{"minecraft:white_wool":1,"minecraft:black_wool":1},"minecraft:custom":{"minecraft:interact_with_furnace":11,"minecraft:mob_kills":16,"minecraft:interact_with_crafting_table":10,"minecraft:open_barrel":2,"minecraft:leave_game":1,"minecraft:time_since_death":42500,"minecraft:time_since_rest":42500,"minecraft:sprint_one_cm":134865,"minecraft:damage_taken":610,"minecraft:walk_one_cm":149367,"minecraft:drop":2,"minecraft:damage_dealt":2449,"minecraft:swim_one_cm":25138,"minecraft:fly_one_cm":116446,"minecraft:open_chest":2,"minecraft:crouch_one_cm":584,"minecraft:play_time":42500,"minecraft:sneak_time":288,"minecraft:walk_under_water_one_cm":3594,"minecraft:jump":734,"minecraft:walk_on_water_one_cm":7520,"minecraft:total_world_time":42500,"minecraft:fall_one_cm":19496},"minecraft:killed":{"minecraft:spider":1,"aquaculture:smallmouth_bass":1,"minecraft:creeper":1,"minecraft:sheep":1,"minecraft:zombie":4,"minecraft:chicken":1,"alexsmobs:fly":1,"minecraft:piglin_brute":2,"minecraft:cow":4},"minecraft:mined":{"minecraft:red_bed":2,"minecraft:dandelion":1,"minecraft:crafting_table":3,"minecraft:grass_block":4,"minecraft:lectern":1,"minecraft:spruce_wall_sign":1,"minecraft:large_fern":1,"minecraft:coarse_dirt":3,"minecraft:furnace":1,"minecraft:birch_log":8,"minecraft:sweet_berry_bush":23,"minecraft:birch_leaves":2,"minecraft:pumpkin":5,"minecraft:bookshelf":3,"minecraft:oak_log":31,"minecraft:coal_ore":5,"minecraft:dirt":6,"minecraft:stone":22,"minecraft:oak_leaves":9,"minecraft:fern":1}},"DataVersion":3465}