{"stats":{"minecraft:crafted":{"minecraft:cooked_beef":8,"minecraft:stone_shovel":1,"minecraft:cooked_porkchop":13,"minecraft:crafting_table":1,"minecraft:spruce_planks":92,"minecraft:dried_kelp":121,"minecraft:baked_potato":4,"minecraft:stone":339,"mcwdoors:spruce_barn_door":2,"minecraft:bucket":1,"minecraft:bread":1,"minecraft:glass":28,"minecraft:spruce_stairs":20,"minecraft:iron_chestplate":1,"minecraft:charcoal":34,"minecraft:iron_axe":1,"minecraft:stick":4,"minecraft:iron_ingot":21,"minecraft:iron_pickaxe":2,"minecraft:stone_pickaxe":1,"minecraft:iron_shovel":1,"minecraft:torch":8,"minecraft:stone_hoe":1,"minecraft:stone_bricks":32},"minecraft:used":{"minecraft:iron_shovel":166,"minecraft:baked_potato":6,"minecraft:dried_kelp":33,"minecraft:oak_planks":2,"minecraft:stone_shovel":143,"minecraft:stone_pickaxe":175,"minecraft:spruce_planks":20,"minecraft:stone":212,"mcwdoors:spruce_barn_door":2,"minecraft:stone_hoe":2,"minecraft:iron_chestplate":1,"minecraft:torch":5,"minecraft:glow_berries":3,"minecraft:dirt":38,"minecraft:crafting_table":2,"minecraft:spruce_stairs":24,"minecraft:white_bed":2,"alexsmobs:maggot":2,"minecraft:suspicious_stew":1,"minecraft:iron_pickaxe":449,"minecraft:iron_axe":114,"minecraft:bread":1,"minecraft:spruce_sapling":21,"minecraft:stone_bricks":25,"minecraft:cobblestone":11,"alexsmobs:animal_dictionary":3,"minecraft:egg":1,"minecraft:bone_meal":2,"minecraft:wheat_seeds":14},"minecraft:picked_up":{"minecraft:birch_log":10,"minecraft:iron_chestplate":2,"minecraft:magma_block":1,"minecraft:wheat":5,"minecraft:suspicious_stew":1,"minecraft:andesite":10,"minecraft:filled_map":1,"minecraft:potion":2,"alexsmobs:cachalot_whale_tooth":2,"minecraft:flint":1,"minecraft:oak_log":6,"minecraft:shield":1,"minecraft:dirt":114,"minecraft:raw_copper":5,"minecraft:iron_axe":2,"minecraft:glass":29,"minecraft:stone_bricks":9,"minecraft:wheat_seeds":33,"minecraft:spruce_planks":8,"minecraft:bucket":1,"minecraft:spore_blossom":1,"minecraft:iron_ingot":1,"minecraft:stone_pickaxe":3,"minecraft:azalea":2,"minecraft:iron_pickaxe":3,"minecraft:birch_sapling":4,"minecraft:oak_planks":4,"minecraft:flowering_azalea":4,"minecraft:egg":1,"minecraft:stick":22,"minecraft:raw_iron":34,"minecraft:sandstone":40,"minecraft:pumpkin":17,"minecraft:axolotl_bucket":1,"minecraft:torch":58,"minecraft:spruce_stairs":8,"minecraft:gravel":22,"minecraft:sand":150,"minecraft:dried_kelp":131,"minecraft:spruce_sapling":24,"minecraft:ink_sac":10,"minecraft:white_bed":2,"minecraft:spruce_log":70,"minecraft:spider_eye":2,"alexsmobs:animal_dictionary":1,"minecraft:stone_sword":1,"minecraft:diamond":2,"minecraft:bone_meal":2,"minecraft:bread":1,"alexsmobs:maggot":5,"minecraft:baked_potato":57,"minecraft:glow_berries":2,"minecraft:coal":54,"minecraft:snowball":32,"minecraft:crafting_table":1,"minecraft:cobblestone":546},"minecraft:dropped":{"minecraft:gravel":9,"minecraft:iron_ingot":1,"minecraft:bread":1,"minecraft:cooked_beef":8,"minecraft:diamond":1,"minecraft:cobblestone":4,"minecraft:filled_map":1,"minecraft:dirt":48,"minecraft:shield":1,"minecraft:torch":45,"minecraft:potion":1,"minecraft:dried_kelp":1,"minecraft:spider_eye":2,"minecraft:iron_axe":1,"minecraft:stone_pickaxe":1,"minecraft:iron_pickaxe":1,"minecraft:magma_block":1},"minecraft:killed_by":{"minecraft:player":1,"minecraft:skeleton":1},"minecraft:custom":{"minecraft:interact_with_furnace":84,"minecraft:mob_kills":3,"minecraft:interact_with_crafting_table":24,"minecraft:leave_game":12,"minecraft:time_since_death":31233,"minecraft:sleep_in_bed":4,"minecraft:time_since_rest":31373,"minecraft:sprint_one_cm":227599,"minecraft:damage_taken":1201,"minecraft:walk_one_cm":460763,"minecraft:drop":27,"minecraft:damage_dealt":331,"minecraft:player_kills":1,"minecraft:swim_one_cm":22075,"minecraft:fly_one_cm":230652,"minecraft:open_chest":35,"minecraft:crouch_one_cm":55316,"minecraft:play_time":173068,"minecraft:deaths":3,"minecraft:sneak_time":14305,"minecraft:walk_under_water_one_cm":45345,"minecraft:jump":930,"minecraft:interact_with_blast_furnace":3,"minecraft:walk_on_water_one_cm":95508,"minecraft:total_world_time":173068,"minecraft:fall_one_cm":52333},"minecraft:broken":{"minecraft:stone_pickaxe":1,"minecraft:iron_pickaxe":2,"minecraft:stone_shovel":1},"minecraft:killed":{"alexsmobs:fly":3},"minecraft:mined":{"minecraft:spruce_planks":8,"minecraft:flowering_azalea":2,"minecraft:white_bed":2,"minecraft:crafting_table":1,"minecraft:cave_vines_plant":1,"minecraft:grass_block":42,"minecraft:copper_ore":1,"minecraft:tall_grass":26,"minecraft:spruce_leaves":25,"minecraft:sandstone":38,"minecraft:seagrass":1,"minecraft:spruce_stairs":6,"minecraft:spruce_sapling":4,"minecraft:iron_ore":8,"minecraft:birch_log":11,"minecraft:wheat":5,"minecraft:snow":4,"minecraft:spruce_log":73,"minecraft:birch_leaves":17,"minecraft:andesite":11,"minecraft:grass":140,"minecraft:coal_ore":13,"minecraft:oak_log":6,"minecraft:cave_vines":1,"minecraft:sand":149,"minecraft:gravel":30,"minecraft:dirt":100,"minecraft:stone_bricks":9,"minecraft:azalea":1,"minecraft:stone":538}},"DataVersion":3465}