{"stats":{"minecraft:picked_up":{"minecraft:spruce_sapling":1,"minecraft:spruce_log":13,"minecraft:egg":1,"minecraft:dirt":2},"minecraft:used":{"alexsmobs:animal_dictionary":1},"minecraft:custom":{"minecraft:jump":109,"minecraft:crouch_one_cm":5749,"minecraft:time_since_rest":27840,"minecraft:sprint_one_cm":13346,"minecraft:damage_taken":195,"minecraft:play_time":27840,"minecraft:walk_on_water_one_cm":6587,"minecraft:time_since_death":27840,"minecraft:walk_one_cm":32430,"minecraft:sneak_time":1348,"minecraft:total_world_time":27840,"minecraft:fall_one_cm":4743,"minecraft:fly_one_cm":14814,"minecraft:damage_dealt":30},"minecraft:mined":{"minecraft:spruce_leaves":4,"minecraft:grass_block":2,"minecraft:spruce_log":13,"minecraft:grass":1}},"DataVersion":3465}