{"stats":{"minecraft:crafted":{"minecraft:cooked_beef":8,"minecraft:stone_shovel":1,"minecraft:cooked_porkchop":13,"minecraft:crafting_table":1,"minecraft:spruce_planks":92,"minecraft:dried_kelp":121,"minecraft:stone":155,"mcwdoors:spruce_barn_door":2,"minecraft:bucket":1,"minecraft:bread":1,"minecraft:spruce_stairs":20,"minecraft:iron_chestplate":1,"minecraft:charcoal":10,"minecraft:iron_axe":1,"minecraft:stick":4,"minecraft:iron_ingot":18,"minecraft:iron_pickaxe":1,"minecraft:stone_pickaxe":1,"minecraft:iron_shovel":1,"minecraft:torch":8,"minecraft:stone_hoe":1},"minecraft:used":{"minecraft:iron_shovel":70,"minecraft:baked_potato":4,"minecraft:dried_kelp":33,"minecraft:oak_planks":2,"minecraft:stone_shovel":143,"minecraft:stone_pickaxe":131,"minecraft:spruce_planks":20,"minecraft:stone":70,"mcwdoors:spruce_barn_door":2,"minecraft:stone_hoe":2,"minecraft:torch":5,"minecraft:glow_berries":2,"minecraft:dirt":33,"minecraft:crafting_table":1,"minecraft:spruce_stairs":24,"minecraft:white_bed":2,"alexsmobs:maggot":2,"minecraft:suspicious_stew":1,"minecraft:iron_pickaxe":387,"minecraft:iron_axe":75,"minecraft:bread":1,"minecraft:spruce_sapling":14,"minecraft:cobblestone":9,"alexsmobs:animal_dictionary":3,"minecraft:egg":1,"minecraft:bone_meal":2,"minecraft:wheat_seeds":14},"minecraft:picked_up":{"minecraft:birch_log":10,"minecraft:iron_chestplate":1,"minecraft:magma_block":1,"minecraft:wheat":5,"minecraft:suspicious_stew":1,"minecraft:andesite":10,"minecraft:filled_map":1,"minecraft:potion":2,"alexsmobs:cachalot_whale_tooth":1,"minecraft:flint":1,"minecraft:oak_log":6,"minecraft:dirt":89,"minecraft:raw_copper":5,"minecraft:iron_axe":2,"minecraft:wheat_seeds":33,"minecraft:bucket":1,"minecraft:spore_blossom":1,"minecraft:iron_ingot":1,"minecraft:stone_pickaxe":2,"minecraft:azalea":2,"minecraft:iron_pickaxe":3,"minecraft:birch_sapling":4,"minecraft:oak_planks":4,"minecraft:flowering_azalea":4,"minecraft:egg":1,"minecraft:stick":19,"minecraft:raw_iron":34,"minecraft:sandstone":40,"minecraft:pumpkin":17,"minecraft:torch":48,"minecraft:spruce_stairs":8,"minecraft:gravel":22,"minecraft:sand":74,"minecraft:dried_kelp":131,"minecraft:spruce_sapling":16,"minecraft:ink_sac":7,"minecraft:white_bed":2,"minecraft:spruce_log":46,"minecraft:spider_eye":2,"alexsmobs:animal_dictionary":1,"minecraft:diamond":2,"minecraft:bone_meal":2,"minecraft:bread":1,"alexsmobs:maggot":3,"minecraft:baked_potato":47,"minecraft:glow_berries":2,"minecraft:coal":43,"minecraft:snowball":32,"minecraft:cobblestone":474},"minecraft:dropped":{"minecraft:gravel":8,"minecraft:iron_ingot":1,"minecraft:bread":1,"minecraft:cooked_beef":8,"minecraft:diamond":1,"minecraft:cobblestone":4,"minecraft:filled_map":1,"minecraft:dirt":48,"minecraft:torch":45,"minecraft:potion":1,"minecraft:dried_kelp":1,"minecraft:spider_eye":2,"minecraft:iron_axe":1,"minecraft:stone_pickaxe":1,"minecraft:iron_pickaxe":1,"minecraft:magma_block":1},"minecraft:killed_by":{"minecraft:player":1,"minecraft:skeleton":1},"minecraft:custom":{"minecraft:interact_with_furnace":45,"minecraft:mob_kills":2,"minecraft:interact_with_crafting_table":22,"minecraft:leave_game":12,"minecraft:time_since_death":7233,"minecraft:sleep_in_bed":4,"minecraft:time_since_rest":7373,"minecraft:sprint_one_cm":207027,"minecraft:damage_taken":1161,"minecraft:walk_one_cm":374737,"minecraft:drop":25,"minecraft:damage_dealt":311,"minecraft:player_kills":1,"minecraft:swim_one_cm":22075,"minecraft:fly_one_cm":223072,"minecraft:open_chest":31,"minecraft:crouch_one_cm":36480,"minecraft:play_time":149068,"minecraft:deaths":3,"minecraft:sneak_time":10567,"minecraft:walk_under_water_one_cm":38751,"minecraft:jump":893,"minecraft:interact_with_blast_furnace":2,"minecraft:walk_on_water_one_cm":86501,"minecraft:total_world_time":149068,"minecraft:fall_one_cm":47912},"minecraft:broken":{"minecraft:stone_pickaxe":1,"minecraft:iron_pickaxe":1,"minecraft:stone_shovel":1},"minecraft:killed":{"alexsmobs:fly":2},"minecraft:mined":{"minecraft:flowering_azalea":2,"minecraft:white_bed":2,"minecraft:cave_vines_plant":1,"minecraft:grass_block":35,"minecraft:copper_ore":1,"minecraft:tall_grass":26,"minecraft:spruce_leaves":21,"minecraft:sandstone":38,"minecraft:seagrass":1,"minecraft:spruce_stairs":6,"minecraft:spruce_sapling":3,"minecraft:iron_ore":8,"minecraft:birch_log":11,"minecraft:wheat":5,"minecraft:snow":3,"minecraft:spruce_log":47,"minecraft:birch_leaves":17,"minecraft:andesite":11,"minecraft:grass":140,"minecraft:oak_log":6,"minecraft:cave_vines":1,"minecraft:sand":76,"minecraft:gravel":30,"minecraft:dirt":78,"minecraft:azalea":1,"minecraft:stone":456}},"DataVersion":3465}