{"stats":{"minecraft:crafted":{"minecraft:stone_shovel":1,"minecraft:stick":4,"minecraft:stone_hoe":1,"minecraft:bread":1},"minecraft:used":{"minecraft:wheat_seeds":14,"minecraft:dried_kelp":10,"minecraft:stone_shovel":13,"minecraft:stone_pickaxe":67,"minecraft:suspicious_stew":1,"minecraft:stone_hoe":2,"minecraft:cobblestone":7,"alexsmobs:animal_dictionary":3,"minecraft:egg":1},"minecraft:picked_up":{"minecraft:raw_iron":24,"minecraft:stick":2,"minecraft:magma_block":1,"minecraft:sandstone":40,"minecraft:wheat":5,"minecraft:suspicious_stew":1,"minecraft:pumpkin":17,"minecraft:andesite":10,"minecraft:torch":45,"minecraft:potion":2,"minecraft:dried_kelp":54,"minecraft:filled_map":1,"minecraft:sand":9,"minecraft:spruce_sapling":2,"minecraft:spruce_log":13,"alexsmobs:animal_dictionary":1,"minecraft:dirt":2,"minecraft:iron_axe":1,"minecraft:raw_copper":5,"minecraft:wheat_seeds":31,"minecraft:iron_ingot":1,"minecraft:stone_pickaxe":1,"minecraft:iron_pickaxe":1,"minecraft:coal":43,"minecraft:oak_planks":4,"minecraft:cobblestone":18,"minecraft:egg":1},"minecraft:dropped":{"minecraft:iron_ingot":1,"minecraft:filled_map":1,"minecraft:bread":1,"minecraft:torch":45,"minecraft:potion":1,"minecraft:cobblestone":4,"minecraft:dried_kelp":1,"minecraft:iron_axe":1,"minecraft:iron_pickaxe":1,"minecraft:magma_block":1},"minecraft:killed_by":{"minecraft:player":1,"minecraft:skeleton":1},"minecraft:custom":{"minecraft:time_since_rest":14920,"minecraft:sprint_one_cm":69257,"minecraft:damage_taken":635,"minecraft:walk_one_cm":127788,"minecraft:drop":13,"minecraft:damage_dealt":64,"minecraft:player_kills":1,"minecraft:swim_one_cm":15503,"minecraft:interact_with_crafting_table":5,"minecraft:fly_one_cm":115174,"minecraft:open_chest":11,"minecraft:crouch_one_cm":10209,"minecraft:play_time":68074,"minecraft:deaths":2,"minecraft:sneak_time":3577,"minecraft:walk_under_water_one_cm":16694,"minecraft:jump":456,"minecraft:leave_game":4,"minecraft:time_since_death":14889,"minecraft:walk_on_water_one_cm":55201,"minecraft:sleep_in_bed":2,"minecraft:total_world_time":68074,"minecraft:fall_one_cm":14831},"minecraft:mined":{"minecraft:wheat":5,"minecraft:spruce_log":13,"minecraft:andesite":11,"minecraft:grass":139,"minecraft:grass_block":2,"minecraft:sand":7,"minecraft:tall_grass":26,"minecraft:copper_ore":1,"minecraft:spruce_leaves":4,"minecraft:stone":16,"minecraft:sandstone":38}},"DataVersion":3465}