{"stats":{"minecraft:crafted":{"minecraft:cooked_beef":8,"minecraft:stone_shovel":1,"minecraft:cooked_porkchop":13,"minecraft:crafting_table":1,"minecraft:spruce_planks":92,"minecraft:dried_kelp":121,"minecraft:stone":155,"mcwdoors:spruce_barn_door":2,"minecraft:bucket":1,"minecraft:bread":1,"minecraft:spruce_stairs":20,"minecraft:charcoal":10,"minecraft:iron_chestplate":1,"minecraft:iron_axe":1,"minecraft:stick":4,"minecraft:iron_ingot":18,"minecraft:iron_pickaxe":1,"minecraft:iron_shovel":1,"minecraft:torch":8,"minecraft:stone_hoe":1},"minecraft:used":{"minecraft:wheat_seeds":14,"minecraft:stone_pickaxe":131,"minecraft:stone_shovel":143,"minecraft:dried_kelp":33,"minecraft:oak_planks":2,"minecraft:spruce_planks":20,"minecraft:stone":70,"mcwdoors:spruce_barn_door":2,"minecraft:stone_hoe":2,"minecraft:torch":5,"minecraft:dirt":33,"minecraft:crafting_table":1,"minecraft:spruce_stairs":24,"minecraft:white_bed":2,"alexsmobs:maggot":2,"minecraft:bread":1,"minecraft:suspicious_stew":1,"minecraft:iron_pickaxe":387,"minecraft:iron_axe":75,"minecraft:spruce_sapling":14,"minecraft:cobblestone":7,"alexsmobs:animal_dictionary":3,"minecraft:egg":1,"minecraft:bone_meal":2},"minecraft:picked_up":{"minecraft:birch_log":10,"minecraft:magma_block":1,"minecraft:wheat":5,"minecraft:suspicious_stew":1,"minecraft:andesite":10,"minecraft:filled_map":1,"minecraft:potion":2,"alexsmobs:cachalot_whale_tooth":1,"minecraft:flint":1,"minecraft:oak_log":6,"minecraft:dirt":86,"minecraft:raw_copper":5,"minecraft:iron_axe":1,"minecraft:wheat_seeds":33,"minecraft:iron_ingot":1,"minecraft:stone_pickaxe":2,"minecraft:iron_pickaxe":2,"minecraft:birch_sapling":4,"minecraft:oak_planks":4,"minecraft:egg":1,"minecraft:stick":15,"minecraft:raw_iron":32,"minecraft:sandstone":40,"minecraft:pumpkin":17,"minecraft:spruce_stairs":6,"minecraft:torch":45,"minecraft:gravel":21,"minecraft:sand":9,"minecraft:dried_kelp":54,"minecraft:ink_sac":7,"minecraft:spruce_sapling":16,"minecraft:white_bed":2,"minecraft:spruce_log":46,"minecraft:spider_eye":2,"alexsmobs:animal_dictionary":1,"minecraft:bone_meal":2,"minecraft:bread":1,"alexsmobs:maggot":3,"minecraft:coal":43,"minecraft:snowball":3,"minecraft:cobblestone":435},"minecraft:dropped":{"minecraft:gravel":8,"minecraft:iron_ingot":1,"minecraft:bread":1,"minecraft:cooked_beef":8,"minecraft:cobblestone":4,"minecraft:filled_map":1,"minecraft:dirt":48,"minecraft:torch":45,"minecraft:potion":1,"minecraft:dried_kelp":1,"minecraft:spider_eye":2,"minecraft:iron_axe":1,"minecraft:stone_pickaxe":1,"minecraft:iron_pickaxe":1,"minecraft:magma_block":1},"minecraft:killed_by":{"minecraft:player":1,"minecraft:skeleton":1},"minecraft:custom":{"minecraft:interact_with_furnace":45,"minecraft:mob_kills":2,"minecraft:interact_with_crafting_table":20,"minecraft:leave_game":10,"minecraft:time_since_death":84600,"minecraft:sleep_in_bed":4,"minecraft:time_since_rest":3431,"minecraft:sprint_one_cm":180161,"minecraft:damage_taken":741,"minecraft:walk_one_cm":348887,"minecraft:drop":24,"minecraft:damage_dealt":311,"minecraft:swim_one_cm":19524,"minecraft:fly_one_cm":204008,"minecraft:player_kills":1,"minecraft:open_chest":25,"minecraft:crouch_one_cm":34424,"minecraft:play_time":137785,"minecraft:deaths":2,"minecraft:sneak_time":9742,"minecraft:walk_under_water_one_cm":34738,"minecraft:jump":855,"minecraft:interact_with_blast_furnace":2,"minecraft:walk_on_water_one_cm":84424,"minecraft:total_world_time":137785,"minecraft:fall_one_cm":30336},"minecraft:broken":{"minecraft:stone_pickaxe":1,"minecraft:iron_pickaxe":1,"minecraft:stone_shovel":1},"minecraft:killed":{"alexsmobs:fly":2},"minecraft:mined":{"minecraft:white_bed":2,"minecraft:grass_block":35,"minecraft:tall_grass":26,"minecraft:copper_ore":1,"minecraft:spruce_leaves":21,"minecraft:sandstone":38,"minecraft:spruce_stairs":6,"minecraft:seagrass":1,"minecraft:spruce_sapling":3,"minecraft:birch_log":11,"minecraft:iron_ore":8,"minecraft:wheat":5,"minecraft:snow":3,"minecraft:spruce_log":47,"minecraft:andesite":11,"minecraft:birch_leaves":17,"minecraft:grass":139,"minecraft:oak_log":6,"minecraft:gravel":29,"minecraft:sand":7,"minecraft:dirt":78,"minecraft:stone":456}},"DataVersion":3465}