{"stats":{"minecraft:crafted":{"minecraft:cooked_beef":8,"minecraft:stone_shovel":2,"minecraft:cooked_porkchop":13,"minecraft:crafting_table":1,"minecraft:spruce_planks":92,"minecraft:dried_kelp":121,"minecraft:baked_potato":8,"minecraft:stone":417,"mcwdoors:spruce_barn_door":2,"minecraft:bucket":1,"minecraft:bread":1,"minecraft:glass":28,"minecraft:spruce_stairs":20,"minecraft:iron_chestplate":1,"minecraft:charcoal":46,"minecraft:iron_axe":1,"minecraft:stick":4,"minecraft:iron_ingot":35,"minecraft:iron_pickaxe":2,"minecraft:stone_pickaxe":1,"minecraft:iron_shovel":1,"minecraft:torch":8,"minecraft:stone_hoe":1,"minecraft:stone_bricks":32},"minecraft:used":{"minecraft:iron_shovel":250,"minecraft:baked_potato":6,"minecraft:dried_kelp":33,"minecraft:oak_planks":2,"minecraft:stone_shovel":182,"minecraft:stone_pickaxe":177,"minecraft:spruce_planks":20,"minecraft:stone":262,"mcwdoors:spruce_barn_door":2,"minecraft:stone_hoe":2,"minecraft:iron_chestplate":1,"minecraft:torch":5,"minecraft:glow_berries":3,"minecraft:dirt":136,"minecraft:crafting_table":2,"minecraft:spruce_stairs":24,"minecraft:white_bed":2,"alexsmobs:maggot":2,"minecraft:suspicious_stew":1,"minecraft:iron_pickaxe":552,"minecraft:iron_axe":128,"minecraft:bread":1,"minecraft:spruce_sapling":21,"minecraft:stone_bricks":25,"minecraft:cobblestone":11,"alexsmobs:animal_dictionary":3,"minecraft:egg":1,"minecraft:bone_meal":2,"minecraft:wheat_seeds":14},"minecraft:picked_up":{"minecraft:birch_log":10,"minecraft:iron_chestplate":2,"minecraft:magma_block":1,"minecraft:wheat":5,"minecraft:suspicious_stew":1,"minecraft:andesite":10,"minecraft:filled_map":1,"minecraft:potion":2,"alexsmobs:cachalot_whale_tooth":2,"minecraft:flint":2,"minecraft:oak_log":6,"minecraft:shield":1,"minecraft:dirt":222,"minecraft:raw_copper":5,"minecraft:iron_axe":2,"minecraft:glass":36,"minecraft:stone_bricks":9,"minecraft:wheat_seeds":33,"minecraft:spruce_planks":8,"minecraft:bucket":1,"minecraft:spore_blossom":1,"minecraft:iron_ingot":1,"minecraft:stone_pickaxe":3,"minecraft:azalea":2,"minecraft:iron_pickaxe":3,"minecraft:birch_sapling":4,"minecraft:oak_planks":4,"minecraft:flowering_azalea":4,"minecraft:egg":1,"minecraft:stick":23,"minecraft:raw_iron":34,"minecraft:sandstone":40,"minecraft:pumpkin":17,"minecraft:axolotl_bucket":1,"minecraft:torch":58,"minecraft:spruce_stairs":8,"minecraft:gravel":25,"minecraft:sand":150,"minecraft:dried_kelp":131,"minecraft:spruce_sapling":24,"minecraft:ink_sac":10,"minecraft:white_bed":2,"minecraft:spruce_log":82,"minecraft:spider_eye":2,"alexsmobs:animal_dictionary":1,"minecraft:stone_sword":1,"minecraft:diamond":2,"minecraft:bone_meal":2,"minecraft:bread":1,"alexsmobs:maggot":5,"minecraft:baked_potato":72,"minecraft:glow_berries":2,"minecraft:coal":56,"minecraft:snowball":32,"minecraft:crafting_table":1,"minecraft:cobblestone":656},"minecraft:dropped":{"minecraft:gravel":9,"minecraft:iron_ingot":1,"minecraft:bread":1,"minecraft:cooked_beef":8,"minecraft:diamond":1,"minecraft:cobblestone":4,"minecraft:filled_map":1,"minecraft:dirt":48,"minecraft:shield":1,"minecraft:torch":45,"minecraft:potion":1,"minecraft:dried_kelp":1,"minecraft:spider_eye":2,"minecraft:iron_axe":1,"minecraft:stone_pickaxe":1,"minecraft:iron_pickaxe":1,"minecraft:magma_block":1},"minecraft:killed_by":{"minecraft:player":1,"minecraft:skeleton":1},"minecraft:custom":{"minecraft:interact_with_furnace":98,"minecraft:mob_kills":3,"minecraft:interact_with_crafting_table":25,"minecraft:leave_game":12,"minecraft:time_since_death":43233,"minecraft:sleep_in_bed":4,"minecraft:time_since_rest":43373,"minecraft:sprint_one_cm":236917,"minecraft:damage_taken":1201,"minecraft:walk_one_cm":506367,"minecraft:drop":27,"minecraft:damage_dealt":331,"minecraft:player_kills":1,"minecraft:swim_one_cm":22075,"minecraft:fly_one_cm":230890,"minecraft:open_chest":35,"minecraft:crouch_one_cm":70971,"minecraft:play_time":185068,"minecraft:deaths":3,"minecraft:sneak_time":17119,"minecraft:walk_under_water_one_cm":45345,"minecraft:jump":936,"minecraft:interact_with_blast_furnace":3,"minecraft:walk_on_water_one_cm":95508,"minecraft:total_world_time":185068,"minecraft:fall_one_cm":54078},"minecraft:broken":{"minecraft:stone_pickaxe":1,"minecraft:iron_shovel":1,"minecraft:iron_pickaxe":2,"minecraft:stone_shovel":1},"minecraft:killed":{"alexsmobs:fly":3},"minecraft:mined":{"minecraft:spruce_planks":8,"minecraft:flowering_azalea":2,"minecraft:white_bed":2,"minecraft:crafting_table":1,"minecraft:cave_vines_plant":1,"minecraft:grass_block":100,"minecraft:cobblestone":1,"minecraft:copper_ore":1,"minecraft:tall_grass":26,"minecraft:spruce_leaves":27,"minecraft:sandstone":38,"minecraft:seagrass":1,"minecraft:spruce_stairs":6,"minecraft:spruce_sapling":4,"minecraft:iron_ore":8,"minecraft:birch_log":11,"minecraft:wheat":5,"minecraft:snow":6,"minecraft:spruce_log":85,"minecraft:birch_leaves":17,"minecraft:andesite":11,"minecraft:grass":140,"minecraft:coal_ore":15,"minecraft:oak_log":6,"minecraft:cave_vines":1,"minecraft:sand":149,"minecraft:gravel":36,"minecraft:dirt":170,"minecraft:stone_bricks":9,"minecraft:azalea":1,"minecraft:stone":640}},"DataVersion":3465}