{"stats":{"minecraft:crafted":{"minecraft:stone_shovel":1,"minecraft:crafting_table":1,"minecraft:spruce_planks":52,"minecraft:dried_kelp":121,"mcwdoors:spruce_barn_door":2,"minecraft:bucket":1,"minecraft:bread":1,"minecraft:iron_chestplate":1,"minecraft:iron_axe":1,"minecraft:stick":4,"minecraft:iron_ingot":17,"minecraft:iron_pickaxe":1,"minecraft:torch":8,"minecraft:stone_hoe":1},"minecraft:picked_up":{"minecraft:magma_block":1,"minecraft:wheat":5,"minecraft:suspicious_stew":1,"minecraft:andesite":10,"minecraft:filled_map":1,"minecraft:potion":2,"minecraft:flint":1,"minecraft:dirt":52,"minecraft:raw_copper":5,"minecraft:iron_axe":1,"minecraft:wheat_seeds":31,"minecraft:iron_ingot":1,"minecraft:stone_pickaxe":2,"minecraft:iron_pickaxe":2,"minecraft:oak_planks":4,"minecraft:egg":1,"minecraft:stick":10,"minecraft:raw_iron":29,"minecraft:sandstone":40,"minecraft:pumpkin":17,"minecraft:torch":45,"minecraft:gravel":13,"minecraft:sand":9,"minecraft:dried_kelp":54,"minecraft:spruce_sapling":15,"minecraft:ink_sac":5,"minecraft:spruce_log":46,"alexsmobs:animal_dictionary":1,"minecraft:bread":1,"alexsmobs:maggot":1,"minecraft:coal":43,"minecraft:snowball":3,"minecraft:cobblestone":402},"minecraft:used":{"minecraft:wheat_seeds":14,"minecraft:stone_pickaxe":131,"minecraft:stone_shovel":88,"minecraft:dried_kelp":13,"minecraft:oak_planks":2,"minecraft:spruce_planks":20,"mcwdoors:spruce_barn_door":2,"minecraft:stone_hoe":2,"minecraft:torch":3,"minecraft:dirt":25,"minecraft:crafting_table":1,"minecraft:bread":1,"minecraft:suspicious_stew":1,"minecraft:iron_pickaxe":344,"minecraft:iron_axe":42,"minecraft:spruce_sapling":13,"minecraft:cobblestone":7,"alexsmobs:animal_dictionary":3,"minecraft:egg":1},"minecraft:dropped":{"minecraft:iron_ingot":1,"minecraft:bread":1,"minecraft:cobblestone":4,"minecraft:filled_map":1,"minecraft:dirt":10,"minecraft:torch":45,"minecraft:potion":1,"minecraft:dried_kelp":1,"minecraft:iron_axe":1,"minecraft:stone_pickaxe":1,"minecraft:iron_pickaxe":1,"minecraft:magma_block":1},"minecraft:killed_by":{"minecraft:player":1,"minecraft:skeleton":1},"minecraft:custom":{"minecraft:interact_with_furnace":15,"minecraft:interact_with_crafting_table":12,"minecraft:leave_game":7,"minecraft:time_since_death":50453,"minecraft:sleep_in_bed":2,"minecraft:time_since_rest":50484,"minecraft:sprint_one_cm":129572,"minecraft:damage_taken":635,"minecraft:walk_one_cm":253552,"minecraft:drop":15,"minecraft:damage_dealt":104,"minecraft:swim_one_cm":19524,"minecraft:fly_one_cm":157049,"minecraft:player_kills":1,"minecraft:open_chest":15,"minecraft:crouch_one_cm":22201,"minecraft:play_time":103638,"minecraft:deaths":2,"minecraft:sneak_time":7070,"minecraft:walk_under_water_one_cm":32740,"minecraft:jump":612,"minecraft:walk_on_water_one_cm":67652,"minecraft:total_world_time":103638,"minecraft:fall_one_cm":19396},"minecraft:broken":{"minecraft:stone_pickaxe":1,"minecraft:iron_pickaxe":1},"minecraft:mined":{"minecraft:grass_block":25,"minecraft:tall_grass":26,"minecraft:copper_ore":1,"minecraft:spruce_leaves":16,"minecraft:sandstone":38,"minecraft:seagrass":1,"minecraft:spruce_sapling":3,"minecraft:iron_ore":5,"minecraft:wheat":5,"minecraft:snow":3,"minecraft:spruce_log":47,"minecraft:andesite":11,"minecraft:grass":139,"minecraft:gravel":16,"minecraft:sand":7,"minecraft:dirt":36,"minecraft:stone":417}},"DataVersion":3465}