{"stats":{"minecraft:crafted":{"minecraft:stone_shovel":1,"minecraft:stick":4,"minecraft:stone_hoe":1},"minecraft:used":{"minecraft:stone_shovel":12,"minecraft:stone_pickaxe":67,"minecraft:suspicious_stew":1,"minecraft:stone_hoe":2,"minecraft:cobblestone":7,"alexsmobs:animal_dictionary":3,"minecraft:egg":1},"minecraft:picked_up":{"minecraft:stick":2,"minecraft:sandstone":40,"minecraft:suspicious_stew":1,"minecraft:pumpkin":17,"minecraft:andesite":10,"minecraft:filled_map":1,"minecraft:sand":9,"minecraft:spruce_sapling":2,"minecraft:spruce_log":13,"alexsmobs:animal_dictionary":1,"minecraft:dirt":2,"minecraft:raw_copper":5,"minecraft:wheat_seeds":17,"minecraft:stone_pickaxe":1,"minecraft:oak_planks":2,"minecraft:cobblestone":18,"minecraft:egg":1},"minecraft:dropped":{"minecraft:filled_map":1,"minecraft:cobblestone":4},"minecraft:killed_by":{"minecraft:player":1,"minecraft:skeleton":1},"minecraft:custom":{"minecraft:time_since_rest":5396,"minecraft:sprint_one_cm":39012,"minecraft:damage_taken":590,"minecraft:walk_one_cm":100137,"minecraft:drop":5,"minecraft:damage_dealt":54,"minecraft:swim_one_cm":15503,"minecraft:interact_with_crafting_table":4,"minecraft:fly_one_cm":84603,"minecraft:open_chest":11,"minecraft:crouch_one_cm":8752,"minecraft:play_time":58550,"minecraft:deaths":2,"minecraft:sneak_time":3061,"minecraft:walk_under_water_one_cm":15487,"minecraft:jump":398,"minecraft:leave_game":3,"minecraft:time_since_death":5365,"minecraft:walk_on_water_one_cm":53908,"minecraft:sleep_in_bed":2,"minecraft:total_world_time":58550,"minecraft:fall_one_cm":11346},"minecraft:mined":{"minecraft:spruce_log":13,"minecraft:andesite":11,"minecraft:grass":139,"minecraft:grass_block":2,"minecraft:sand":7,"minecraft:tall_grass":26,"minecraft:copper_ore":1,"minecraft:spruce_leaves":4,"minecraft:stone":16,"minecraft:sandstone":38}},"DataVersion":3465}