{"stats":{"minecraft:picked_up":{"minecraft:spruce_log":8,"minecraft:oak_sapling":1,"minecraft:black_wool":1,"minecraft:sugar_cane":7,"minecraft:mutton":2,"minecraft:dirt":5},"minecraft:used":{"alexsmobs:animal_dictionary":3},"minecraft:killed_by":{"minecraft:skeleton":1},"minecraft:custom":{"minecraft:time_since_rest":4909,"minecraft:play_time":14827,"minecraft:sprint_one_cm":32754,"minecraft:deaths":1,"minecraft:damage_taken":367,"minecraft:walk_one_cm":70661,"minecraft:walk_under_water_one_cm":4934,"minecraft:mob_kills":1,"minecraft:jump":365,"minecraft:damage_dealt":80,"minecraft:time_since_death":4873,"minecraft:walk_on_water_one_cm":12229,"minecraft:total_world_time":14827,"minecraft:swim_one_cm":17081,"minecraft:fall_one_cm":11165,"minecraft:fly_one_cm":30677},"minecraft:killed":{"minecraft:sheep":1},"minecraft:mined":{"minecraft:large_fern":1,"minecraft:grass_block":6,"minecraft:spruce_leaves":1,"minecraft:spruce_log":8,"minecraft:sugar_cane":4}},"DataVersion":3465}