{"stats":{"minecraft:crafted":{"minecraft:charcoal":1,"minecraft:crafting_table":1,"minecraft:spruce_planks":116,"minecraft:stick":4,"minecraft:wooden_pickaxe":1,"minecraft:stone_pickaxe":1,"minecraft:spruce_door":3,"minecraft:furnace":1},"minecraft:used":{"alexsmobs:maggot":1,"minecraft:spruce_door":1,"minecraft:stone_pickaxe":15,"minecraft:spruce_planks":17,"minecraft:wooden_pickaxe":11,"minecraft:torch":1,"minecraft:dirt":29,"minecraft:cobblestone":1,"minecraft:crafting_table":1,"minecraft:furnace":1,"alexsmobs:animal_dictionary":3},"minecraft:picked_up":{"minecraft:raw_iron":7,"minecraft:leather":1,"minecraft:torch":1,"minecraft:spruce_sapling":1,"minecraft:spruce_log":38,"minecraft:dirt":43,"minecraft:rotten_flesh":1,"minecraft:spruce_planks":3,"minecraft:beef":1,"alexsmobs:maggot":1,"minecraft:oak_sapling":1,"minecraft:sugar_cane":7,"minecraft:black_wool":1,"minecraft:mutton":2,"minecraft:cobblestone":21},"minecraft:killed_by":{"minecraft:skeleton":1},"minecraft:custom":{"minecraft:time_since_rest":14241,"minecraft:interact_with_furnace":5,"minecraft:sprint_one_cm":58568,"minecraft:damage_taken":977,"minecraft:walk_one_cm":180185,"minecraft:mob_kills":3,"minecraft:damage_dealt":200,"minecraft:swim_one_cm":20003,"minecraft:interact_with_crafting_table":8,"minecraft:fly_one_cm":61514,"minecraft:open_chest":2,"minecraft:crouch_one_cm":62,"minecraft:play_time":55163,"minecraft:deaths":3,"minecraft:sneak_time":408,"minecraft:walk_under_water_one_cm":5229,"minecraft:jump":869,"minecraft:leave_game":1,"minecraft:walk_on_water_one_cm":15887,"minecraft:time_since_death":14186,"minecraft:sleep_in_bed":4,"minecraft:total_world_time":55163,"minecraft:fall_one_cm":24246},"minecraft:killed":{"minecraft:sheep":1,"alexsmobs:fly":1,"minecraft:cow":1},"minecraft:mined":{"minecraft:large_fern":2,"minecraft:spruce_planks":2,"minecraft:iron_ore":7,"minecraft:spruce_log":41,"minecraft:torch":1,"minecraft:grass_block":28,"minecraft:dirt":21,"minecraft:spruce_leaves":18,"minecraft:stone":20,"minecraft:sugar_cane":4}},"DataVersion":3465}