{"stats":{"minecraft:crafted":{"minecraft:spruce_planks":96,"minecraft:spruce_door":3},"minecraft:picked_up":{"minecraft:leather":1,"minecraft:spruce_log":32,"minecraft:dirt":42,"minecraft:spruce_planks":3,"minecraft:beef":1,"alexsmobs:maggot":1,"minecraft:oak_sapling":1,"minecraft:sugar_cane":7,"minecraft:black_wool":1,"minecraft:mutton":2,"minecraft:cobblestone":2},"minecraft:used":{"alexsmobs:maggot":1,"minecraft:spruce_door":1,"minecraft:spruce_planks":17,"minecraft:dirt":29,"minecraft:cobblestone":1,"alexsmobs:animal_dictionary":3},"minecraft:killed_by":{"minecraft:skeleton":1},"minecraft:custom":{"minecraft:time_since_rest":1144,"minecraft:interact_with_furnace":1,"minecraft:sprint_one_cm":57743,"minecraft:damage_taken":467,"minecraft:walk_one_cm":150430,"minecraft:mob_kills":3,"minecraft:damage_dealt":200,"minecraft:swim_one_cm":20003,"minecraft:interact_with_crafting_table":1,"minecraft:fly_one_cm":60176,"minecraft:open_chest":2,"minecraft:play_time":38827,"minecraft:deaths":2,"minecraft:sneak_time":327,"minecraft:walk_under_water_one_cm":5229,"minecraft:jump":779,"minecraft:walk_on_water_one_cm":14047,"minecraft:time_since_death":17582,"minecraft:sleep_in_bed":4,"minecraft:total_world_time":38827,"minecraft:fall_one_cm":16887},"minecraft:killed":{"minecraft:sheep":1,"alexsmobs:fly":1,"minecraft:cow":1},"minecraft:mined":{"minecraft:large_fern":2,"minecraft:spruce_planks":2,"minecraft:spruce_log":34,"minecraft:grass_block":27,"minecraft:dirt":20,"minecraft:spruce_leaves":5,"minecraft:stone":1,"minecraft:sugar_cane":4}},"DataVersion":3465}