{"stats":{"minecraft:dropped":{"minecraft:bread":1,"minecraft:cooked_porkchop":2,"minecraft:rotten_flesh":3,"minecraft:book":1,"minecraft:leather":1,"minecraft:white_bed":1,"minecraft:potato":2,"alexsmobs:blood_sac":1,"minecraft:dried_kelp":1,"minecraft:pumpkin_pie":23,"minecraft:lectern":1},"minecraft:picked_up":{"minecraft:wooden_axe":4,"minecraft:crafting_table":10,"minecraft:iron_chestplate":1,"minecraft:crimson_stem":38,"minecraft:leather":1,"minecraft:oak_stairs":1,"minecraft:potato":112,"alexsmobs:cachalot_whale_tooth":1,"minecraft:crimson_fungus":1,"minecraft:oak_log":16,"minecraft:crimson_planks":96,"minecraft:yellow_bed":2,"minecraft:nether_wart_block":20,"minecraft:string":3,"minecraft:dirt":82,"minecraft:wooden_sword":1,"minecraft:bone":3,"alexsmobs:blood_sac":3,"minecraft:diamond_leggings":1,"minecraft:gold_nugget":9,"minecraft:spruce_planks":109,"minecraft:oak_boat":5,"minecraft:poppy":1,"minecraft:lectern":107,"minecraft:oak_planks":35,"minecraft:iron_boots":1,"minecraft:egg":3,"minecraft:book":5,"minecraft:stick":67,"minecraft:cooked_porkchop":1,"minecraft:sweet_berries":2,"minecraft:quartz":3,"minecraft:dandelion":1,"minecraft:poisonous_potato":1,"minecraft:porkchop":13,"minecraft:dried_kelp":1,"minecraft:spruce_sapling":113,"minecraft:ink_sac":3,"minecraft:white_bed":2,"minecraft:spruce_log":1165,"minecraft:cyan_bed":1,"alexsmobs:animal_dictionary":2,"minecraft:arrow":2,"minecraft:weeping_vines":2,"minecraft:stone_shovel":1,"minecraft:rotten_flesh":24,"minecraft:spruce_boat":2,"minecraft:pumpkin_pie":5,"minecraft:bread":11,"alexsmobs:maggot":1,"minecraft:ender_pearl":1,"minecraft:crimson_roots":2,"minecraft:cobblestone":1,"minecraft:oxeye_daisy":1},"minecraft:used":{"minecraft:baked_potato":33,"minecraft:poppy":1,"minecraft:oak_planks":16,"minecraft:stone_shovel":5,"minecraft:spruce_planks":25,"minecraft:wooden_pickaxe":10,"aquaculture:wooden_fillet_knife":2,"minecraft:diamond_axe":1353,"minecraft:dirt":71,"minecraft:crafting_table":7,"minecraft:white_bed":1,"minecraft:spruce_boat":2,"minecraft:wooden_axe":56,"minecraft:bookshelf":1,"minecraft:diamond_shovel":44,"minecraft:bread":29,"minecraft:cyan_bed":1,"minecraft:lectern":106,"minecraft:spruce_sapling":38,"minecraft:crimson_planks":3,"minecraft:golden_carrot":2,"minecraft:cobblestone":1,"minecraft:wooden_sword":1,"minecraft:sweet_berries":3,"minecraft:oak_boat":5,"minecraft:pumpkin_pie":12,"minecraft:yellow_bed":2,"alexsmobs:animal_dictionary":4,"minecraft:egg":2,"minecraft:potato":47},"minecraft:killed_by":{"alexsmobs:bone_serpent":1,"minecraft:piglin":4,"minecraft:player":2,"alexsmobs:crimson_mosquito":16},"minecraft:killed":{"minecraft:pig":3,"minecraft:spider":1,"alexsmobs:crimson_mosquito":7,"minecraft:skeleton":2,"minecraft:zombie":8},"minecraft:broken":{"minecraft:wooden_axe":1},"minecraft:crafted":{"minecraft:wooden_sword":3,"minecraft:crimson_planks":140,"minecraft:oak_planks":64,"minecraft:emerald":268,"minecraft:cooked_porkchop":1,"minecraft:crafting_table":5,"minecraft:spruce_planks":4296,"minecraft:spruce_button":64,"minecraft:wooden_pickaxe":3,"minecraft:baked_potato":33,"minecraft:enchanted_book":3,"minecraft:bookshelf":1,"minecraft:bread":30,"minecraft:air":0,"minecraft:oak_boat":1,"minecraft:diamond_helmet":1,"minecraft:diamond_leggings":1,"minecraft:stick":8584,"minecraft:wooden_axe":4,"minecraft:diamond_boots":1,"minecraft:spruce_boat":1,"minecraft:pumpkin_pie":32,"aquaculture:wooden_fillet_knife":2,"minecraft:golden_carrot":15,"minecraft:diamond_chestplate":1},"minecraft:mined":{"minecraft:podzol":2,"minecraft:nether_gold_ore":2,"minecraft:white_bed":1,"minecraft:spruce_planks":8,"minecraft:glass_pane":4,"minecraft:crafting_table":6,"minecraft:grass_block":33,"minecraft:crimson_roots":4,"minecraft:weeping_vines":1,"minecraft:lectern":105,"minecraft:nether_quartz_ore":3,"minecraft:tall_grass":2,"minecraft:spruce_leaves":26,"minecraft:oak_planks":14,"minecraft:crimson_fungus":1,"minecraft:crimson_stem":38,"minecraft:seagrass":1,"minecraft:weeping_vines_plant":2,"minecraft:spruce_sapling":2,"minecraft:nether_wart_block":11,"minecraft:fire":1,"minecraft:spruce_log":1165,"minecraft:yellow_bed":2,"minecraft:bookshelf":1,"minecraft:grass":17,"minecraft:potatoes":33,"minecraft:oak_log":16,"minecraft:oak_stairs":1,"minecraft:dirt":20,"minecraft:crimson_planks":3},"minecraft:custom":{"minecraft:interact_with_furnace":9,"minecraft:interact_with_anvil":3,"minecraft:mob_kills":21,"minecraft:traded_with_villager":294,"minecraft:interact_with_crafting_table":19,"minecraft:interact_with_grindstone":1,"minecraft:leave_game":16,"minecraft:time_since_death":118799,"minecraft:sleep_in_bed":11,"minecraft:climb_one_cm":3743,"minecraft:time_since_rest":1835,"minecraft:sprint_one_cm":708459,"minecraft:damage_taken":10429,"minecraft:walk_one_cm":757854,"minecraft:drop":37,"minecraft:damage_dealt":3475,"minecraft:swim_one_cm":39831,"minecraft:talked_to_villager":220,"minecraft:fly_one_cm":1202498,"minecraft:open_chest":29,"minecraft:crouch_one_cm":32868,"minecraft:play_time":338988,"minecraft:sneak_time":13037,"minecraft:deaths":29,"minecraft:walk_under_water_one_cm":19161,"minecraft:boat_one_cm":140937,"minecraft:jump":5943,"minecraft:walk_on_water_one_cm":15471,"minecraft:total_world_time":338988,"minecraft:interact_with_smoker":17,"minecraft:fall_one_cm":204709}},"DataVersion":3465}