{"stats":{"minecraft:crafted":{"minecraft:cooked_beef":12,"minecraft:crafting_table":1,"minecraft:stick":4,"minecraft:stone_pickaxe":1,"minecraft:furnace":1,"minecraft:white_bed":1,"minecraft:birch_planks":24,"minecraft:stone_axe":1,"minecraft:air":0,"minecraft:cooked_mutton":4},"minecraft:used":{"minecraft:cooked_mutton":4,"minecraft:grass_block":1,"minecraft:stone_pickaxe":85,"minecraft:sugar_cane":4,"mcwroofs:oak_steep_roof":1,"minecraft:stone_axe":71,"minecraft:dirt":4,"minecraft:cobblestone":18,"minecraft:crafting_table":3,"minecraft:furnace":2,"alexsmobs:animal_dictionary":2,"minecraft:white_bed":1,"minecraft:cooked_beef":5,"alexsmobs:spawn_egg_hammerhead_shark":2},"minecraft:picked_up":{"minecraft:book":60,"minecraft:birch_log":6,"minecraft:crafting_table":3,"minecraft:feather":1,"minecraft:black_bed":1,"minecraft:leather":8,"minecraft:oak_log":23,"minecraft:white_bed":1,"minecraft:gunpowder":2,"minecraft:spider_eye":2,"minecraft:dirt":21,"minecraft:rotten_flesh":2,"minecraft:bow":1,"minecraft:wheat_seeds":2,"minecraft:beef":13,"minecraft:sugar_cane":17,"minecraft:mutton":4,"minecraft:coal":84,"minecraft:white_wool":3,"minecraft:cobblestone":130,"minecraft:furnace":1},"minecraft:dropped":{"minecraft:spider_eye":1},"minecraft:custom":{"minecraft:interact_with_furnace":9,"minecraft:sprint_one_cm":114910,"minecraft:damage_taken":493,"minecraft:walk_one_cm":113648,"minecraft:mob_kills":18,"minecraft:drop":1,"minecraft:damage_dealt":2371,"minecraft:interact_with_crafting_table":5,"minecraft:swim_one_cm":4525,"minecraft:tune_noteblock":9,"minecraft:fly_one_cm":146298,"minecraft:open_chest":1,"minecraft:play_time":52217,"minecraft:crouch_one_cm":4795,"minecraft:sneak_time":1822,"minecraft:walk_under_water_one_cm":6286,"minecraft:jump":547,"minecraft:leave_game":4,"minecraft:time_since_death":52217,"minecraft:walk_on_water_one_cm":8623,"minecraft:fall_one_cm":12701,"minecraft:sleep_in_bed":1,"minecraft:total_world_time":52217,"minecraft:climb_one_cm":9007,"minecraft:time_since_rest":29197},"minecraft:killed":{"minecraft:sheep":3,"minecraft:skeleton":1,"minecraft:zombie":2,"minecraft:spider":1,"alexsmobs:crow":1,"alexsmobs:hammerhead_shark":1,"minecraft:creeper":1,"minecraft:cow":8},"minecraft:mined":{"minecraft:white_bed":1,"minecraft:furnace":1,"minecraft:birch_log":6,"minecraft:birch_leaves":1,"minecraft:black_bed":1,"minecraft:crafting_table":3,"minecraft:grass":1,"minecraft:coal_ore":76,"minecraft:bookshelf":20,"minecraft:grass_block":5,"minecraft:oak_log":23,"minecraft:dirt":19,"minecraft:spruce_leaves":10,"minecraft:stone":132,"minecraft:sugar_cane":10,"minecraft:fern":1,"minecraft:large_fern":2}},"DataVersion":3465}