{"stats":{"minecraft:broken":{"minecraft:stone_pickaxe":2,"minecraft:stone_axe":2,"minecraft:iron_sword":1,"minecraft:stone_shovel":1,"minecraft:iron_axe":5,"minecraft:wooden_hoe":1},"minecraft:killed_by":{"minecraft:creeper":1,"minecraft:vindicator":1,"minecraft:piglin":1,"minecraft:husk":1},"minecraft:killed":{"minecraft:witch":3,"minecraft:spider":30,"minecraft:skeleton":39,"minecraft:chicken":1,"alexsmobs:hammerhead_shark":1,"minecraft:iron_golem":20,"minecraft:creeper":114,"minecraft:sheep":19,"minecraft:pillager":1,"minecraft:zombie":47,"alexsmobs:fly":1,"minecraft:cow":9,"minecraft:vindicator":11,"minecraft:phantom":6,"minecraft:drowned":1,"alexsmobs:bison":2,"minecraft:husk":32,"aquaculture:jellyfish":1,"minecraft:hoglin":7,"alexsmobs:crocodile":8,"alexsmobs:crow":3,"minecraft:wither_skeleton":6},"minecraft:mined":{"minecraft:white_bed":6,"minecraft:oak_sapling":1,"minecraft:brewing_stand":1,"minecraft:obsidian":8,"minecraft:granite":58,"minecraft:grass_block":138,"minecraft:light_gray_bed":1,"minecraft:coal_block":2,"minecraft:composter":16,"minecraft:oxeye_daisy":1,"minecraft:spawner":4,"minecraft:tall_seagrass":6,"minecraft:dark_oak_trapdoor":1,"minecraft:cobbled_deepslate":5,"minecraft:sticky_piston":4,"minecraft:iron_ore":4,"minecraft:fire":1,"alexsmobs:crocodile_egg":1,"minecraft:enchanting_table":1,"minecraft:dirt_path":1,"minecraft:water_cauldron":4,"minecraft:quartz_slab":4,"minecraft:iron_bars":3,"minecraft:stripped_mangrove_wood":1,"minecraft:tripwire":2,"minecraft:piston_head":1,"minecraft:torch":5,"minecraft:blast_furnace":3,"minecraft:melon":1,"minecraft:chest":5,"minecraft:cobblestone":18,"minecraft:cyan_bed":2,"minecraft:sugar_cane":35,"minecraft:oak_planks":5,"minecraft:cauldron":4,"minecraft:seagrass":20,"minecraft:repeater":8,"minecraft:birch_log":105,"minecraft:wheat":90,"minecraft:stripped_oak_wood":1,"minecraft:black_bed":1,"minecraft:stone_brick_stairs":1,"minecraft:grass":41,"minecraft:oak_log":560,"minecraft:beetroots":10,"minecraft:dirt":97,"minecraft:crimson_planks":5,"minecraft:tripwire_hook":3,"minecraft:dispenser":2,"minecraft:stonecutter":2,"minecraft:netherrack":1,"minecraft:oak_leaves":55,"minecraft:cyan_candle":1,"minecraft:deepslate":36,"minecraft:redstone_wire":3,"minecraft:spruce_leaves":154,"minecraft:large_fern":2,"minecraft:hay_block":78,"minecraft:spruce_sapling":5,"minecraft:furnace":2,"minecraft:carrots":48,"minecraft:gold_block":1,"minecraft:bookshelf":47,"minecraft:potatoes":20,"minecraft:shroomlight":13,"minecraft:stripped_oak_log":1,"minecraft:smooth_quartz_stairs":1,"minecraft:bamboo":2,"minecraft:stone":703,"minecraft:white_wool":1,"minecraft:smithing_table":1,"minecraft:redstone_block":3,"minecraft:dandelion":5,"minecraft:crafting_table":10,"minecraft:lectern":12,"minecraft:stone_slab":6,"minecraft:tall_grass":12,"minecraft:copper_ore":4,"minecraft:lapis_ore":2,"minecraft:deepslate_gold_ore":8,"minecraft:diorite":14,"minecraft:sweet_berry_bush":37,"minecraft:spruce_log":777,"minecraft:birch_leaves":7,"minecraft:jungle_fence":1,"minecraft:yellow_bed":2,"minecraft:coal_ore":96,"minecraft:gravel":62,"minecraft:fern":4},"minecraft:custom":{"minecraft:interact_with_crafting_table":71,"minecraft:open_barrel":16,"minecraft:bell_ring":9,"minecraft:leave_game":27,"minecraft:time_since_death":88391,"minecraft:sprint_one_cm":1161462,"minecraft:damage_blocked_by_shield":990,"minecraft:drop":93,"minecraft:talked_to_villager":155,"minecraft:play_time":577755,"minecraft:deaths":4,"minecraft:jump":11834,"minecraft:walk_on_water_one_cm":309126,"minecraft:enchant_item":1,"minecraft:interact_with_furnace":26,"minecraft:traded_with_villager":478,"minecraft:sleep_in_bed":11,"minecraft:damage_dealt":23358,"minecraft:crouch_one_cm":14573,"minecraft:inspect_dispenser":2,"minecraft:interact_with_smithing_table":3,"minecraft:mob_kills":370,"minecraft:interact_with_anvil":6,"minecraft:climb_one_cm":100117,"minecraft:walk_one_cm":965870,"minecraft:sneak_time":9058,"minecraft:walk_under_water_one_cm":84430,"minecraft:boat_one_cm":246690,"minecraft:interact_with_blast_furnace":1,"minecraft:total_world_time":577755,"minecraft:tune_noteblock":9,"minecraft:time_since_rest":15718,"minecraft:damage_taken":5914,"minecraft:swim_one_cm":93789,"minecraft:fly_one_cm":5384239,"minecraft:open_chest":176,"minecraft:fall_one_cm":536696},"minecraft:used":{"minecraft:dispenser":2,"minecraft:ladder":87,"minecraft:chest":13,"minecraft:shield":17,"minecraft:stone":1,"minecraft:iron_sword":280,"minecraft:grass_block":1,"minecraft:birch_sapling":7,"minecraft:bow":875,"minecraft:sweet_berries":1,"minecraft:furnace":4,"minecraft:oak_sapling":39,"minecraft:egg":8,"minecraft:stone_pickaxe":262,"minecraft:oak_planks":36,"minecraft:composter":8,"minecraft:sugar_cane":22,"minecraft:dark_oak_trapdoor":1,"minecraft:blast_furnace":4,"minecraft:black_bed":1,"minecraft:cyan_bed":2,"minecraft:bread":142,"minecraft:string":3,"minecraft:lectern":15,"minecraft:gravel":7,"minecraft:smithing_table":1,"minecraft:oak_boat":7,"minecraft:bone_meal":83,"minecraft:enchanting_table":2,"minecraft:stone_sword":22,"minecraft:stone_shovel":133,"minecraft:spruce_planks":1,"minecraft:torch":48,"minecraft:dirt":215,"minecraft:anvil":1,"minecraft:granite":58,"minecraft:bookshelf":11,"minecraft:iron_axe":1296,"minecraft:bamboo":23,"minecraft:cooked_beef":6,"minecraft:cobbled_deepslate":21,"minecraft:light_gray_bed":1,"minecraft:cooked_mutton":4,"minecraft:cauldron":4,"minecraft:fletching_table":2,"minecraft:stonecutter":1,"minecraft:crafting_table":15,"minecraft:white_bed":12,"alexsmobs:spawn_egg_hammerhead_shark":2,"minecraft:spruce_log":4,"minecraft:wooden_hoe":59,"minecraft:diamond_pickaxe":445,"minecraft:iron_pickaxe":198,"alexsmobs:crocodile_egg":1,"minecraft:spruce_sapling":47,"minecraft:stone_axe":433,"mcwroofs:oak_steep_roof":1,"minecraft:cobblestone":241,"minecraft:yellow_bed":2,"alexsmobs:animal_dictionary":13,"minecraft:dandelion":2},"minecraft:crafted":{"minecraft:oak_planks":2236,"minecraft:smooth_stone":3,"minecraft:chainmail_helmet":5,"minecraft:stone":3,"minecraft:bookshelf":14,"minecraft:cooked_mutton":4,"minecraft:diamond_helmet":1,"minecraft:diamond_leggings":1,"minecraft:iron_boots":10,"minecraft:bow":18,"minecraft:chest":8,"minecraft:stone_hoe":10,"minecraft:emerald":354,"minecraft:arrow":880,"minecraft:diamond_axe":1,"minecraft:crafting_table":5,"minecraft:spruce_planks":3092,"minecraft:chainmail_chestplate":10,"minecraft:fletching_table":2,"minecraft:birch_planks":392,"minecraft:lectern":3,"minecraft:wooden_hoe":1,"minecraft:iron_chestplate":1,"minecraft:diamond_pickaxe":1,"minecraft:shield":1,"minecraft:stick":10915,"minecraft:iron_ingot":4,"minecraft:iron_pickaxe":3,"minecraft:stone_sword":1,"minecraft:stone_shovel":1,"minecraft:furnace":4,"minecraft:blast_furnace":1,"minecraft:bone_meal":96,"minecraft:iron_axe":13,"minecraft:ladder":87,"minecraft:spruce_slab":12,"minecraft:stone_pickaxe":2,"minecraft:diamond_boots":1,"minecraft:wheat":504,"minecraft:cooked_beef":12,"minecraft:enchanting_table":2,"minecraft:iron_sword":1,"minecraft:stone_axe":6,"minecraft:enchanted_book":2,"minecraft:bread":165,"minecraft:air":0,"minecraft:oak_boat":3,"minecraft:gold_nugget":27,"minecraft:iron_leggings":1,"minecraft:white_bed":6,"minecraft:torch":52,"minecraft:diamond_chestplate":1},"minecraft:dropped":{"minecraft:iron_sword":1,"minecraft:crafting_table":1,"minecraft:flint":2,"minecraft:dirt":14,"minecraft:dark_oak_trapdoor":1,"minecraft:stripped_oak_wood":1,"minecraft:iron_pickaxe":1,"minecraft:gravel":4,"minecraft:stone_axe":4,"minecraft:cobbled_deepslate":1,"alexsmobs:animal_dictionary":1,"minecraft:wheat":1,"minecraft:beetroot":1,"minecraft:rotten_flesh":2,"minecraft:oak_planks":26,"minecraft:poppy":8,"minecraft:gunpowder":77,"minecraft:beetroot_seeds":3,"minecraft:enchanting_table":1,"minecraft:egg":1,"minecraft:stone_hoe":2,"minecraft:iron_ingot":2,"minecraft:bread":28,"minecraft:wheat_seeds":23,"minecraft:feather":1,"origins:orb_of_origin":1,"minecraft:diorite":14,"minecraft:ink_sac":5,"minecraft:iron_axe":1,"minecraft:dandelion":5,"minecraft:furnace":1,"alexsmobs:crocodile_scute":5,"minecraft:kelp":8,"alexsmobs:maggot":2,"minecraft:sticky_piston":2,"minecraft:raw_iron":2,"minecraft:stone_slab":8,"minecraft:shield":1,"minecraft:spider_eye":5},"minecraft:picked_up":{"minecraft:iron_chestplate":7,"minecraft:wheat":15,"minecraft:anvil":1,"minecraft:smithing_table":1,"minecraft:stone_slab":8,"minecraft:potion":1,"minecraft:stone_brick_stairs":1,"minecraft:crimson_planks":5,"minecraft:brewing_stand":1,"minecraft:string":29,"minecraft:dark_oak_trapdoor":2,"minecraft:raw_copper":26,"minecraft:iron_leggings":4,"minecraft:sticky_piston":2,"minecraft:shroomlight":13,"minecraft:beetroot":2,"minecraft:gold_nugget":31,"minecraft:cobbled_deepslate":40,"minecraft:spruce_planks":7,"minecraft:iron_pickaxe":6,"minecraft:coal_block":2,"minecraft:melon_slice":5,"minecraft:furnace":2,"minecraft:iron_boots":2,"minecraft:stick":123,"minecraft:composter":16,"minecraft:torch":8,"minecraft:porkchop":29,"minecraft:diorite":14,"minecraft:cauldron":8,"minecraft:stone_sword":1,"minecraft:light_gray_bed":1,"minecraft:rotten_flesh":70,"alexsmobs:emu_egg":1,"minecraft:obsidian":8,"minecraft:cod":1,"minecraft:cobblestone":324,"minecraft:enchanting_table":1,"minecraft:birch_log":111,"minecraft:cooked_beef":6,"minecraft:feather":1,"minecraft:repeater":7,"minecraft:black_bed":1,"minecraft:potato":46,"alexsmobs:bison_fur":2,"minecraft:flint":6,"minecraft:lapis_lazuli":22,"minecraft:dirt":294,"minecraft:bone":42,"minecraft:stonecutter":2,"minecraft:bow":10,"minecraft:wheat_seeds":119,"minecraft:raw_gold":16,"minecraft:cyan_candle":3,"minecraft:bamboo":23,"minecraft:oak_planks":123,"aquaculture:jellyfish":1,"alexsmobs:crocodile_egg":1,"minecraft:ink_sac":10,"minecraft:cyan_bed":2,"alexsmobs:animal_dictionary":1,"minecraft:dispenser":3,"minecraft:granite":58,"minecraft:bone_meal":86,"minecraft:bread":126,"minecraft:emerald":9,"alexsmobs:maggot":7,"minecraft:oak_sapling":73,"minecraft:netherrack":1,"minecraft:crafting_table":11,"minecraft:splash_potion":1,"minecraft:nether_wart":7,"minecraft:gold_block":1,"minecraft:shield":5,"minecraft:iron_axe":3,"minecraft:flint_and_steel":1,"minecraft:quartz_slab":8,"minecraft:beef":30,"minecraft:oak_boat":7,"minecraft:poppy":16,"minecraft:lectern":12,"minecraft:sugar_cane":115,"minecraft:chest":5,"minecraft:birch_sapling":18,"minecraft:phantom_membrane":2,"minecraft:egg":13,"minecraft:raw_iron":6,"minecraft:stone":422,"minecraft:carrot":55,"minecraft:redstone":2,"alexsmobs:crocodile_scute":5,"minecraft:arrow":456,"minecraft:beetroot_seeds":14,"minecraft:pumpkin_pie":14,"minecraft:hay_block":97,"minecraft:saddle":1,"minecraft:gold_ingot":2,"minecraft:mutton":25,"minecraft:white_wool":20,"minecraft:oxeye_daisy":3,"minecraft:stripped_oak_log":1,"minecraft:golden_carrot":12,"minecraft:tripwire_hook":4,"minecraft:leather":20,"minecraft:jungle_fence":1,"alexsmobs:cachalot_whale_tooth":2,"minecraft:oak_log":600,"minecraft:gunpowder":120,"minecraft:yellow_bed":3,"minecraft:apple":33,"minecraft:kelp":8,"minecraft:iron_ingot":80,"minecraft:stripped_oak_wood":1,"minecraft:iron_sword":2,"minecraft:book":265,"minecraft:sweet_berries":217,"minecraft:dandelion":11,"minecraft:gravel":70,"minecraft:spruce_sapling":109,"minecraft:blast_furnace":3,"minecraft:white_bed":10,"minecraft:spruce_log":821,"minecraft:spider_eye":12,"minecraft:rib_armor_trim_smithing_template":1,"minecraft:coal":237}},"DataVersion":3465}