{"stats":{"minecraft:crafted":{"minecraft:oak_planks":40,"minecraft:furnace":1,"minecraft:cooked_mutton":4,"minecraft:iron_boots":2,"minecraft:stone_pickaxe":1,"minecraft:cooked_beef":7,"minecraft:crafting_table":2,"minecraft:wooden_pickaxe":1,"minecraft:iron_helmet":2,"minecraft:iron_sword":1,"minecraft:bucket":1,"minecraft:stone_axe":1,"minecraft:air":0,"minecraft:iron_chestplate":2,"minecraft:shield":1,"minecraft:stick":16,"minecraft:iron_ingot":66,"minecraft:iron_pickaxe":2,"minecraft:stone_sword":1,"minecraft:iron_leggings":2,"minecraft:white_bed":1,"minecraft:torch":52},"minecraft:used":{"minecraft:stone_sword":128,"minecraft:shield":26,"minecraft:iron_sword":27,"minecraft:rotten_flesh":5,"minecraft:torch":46,"minecraft:dirt":27,"minecraft:granite":1,"minecraft:wooden_axe":19,"minecraft:barrel":3,"minecraft:furnace":6,"minecraft:cooked_beef":7,"minecraft:cooked_mutton":4,"minecraft:water_bucket":4,"minecraft:stone_pickaxe":157,"minecraft:wooden_pickaxe":20,"minecraft:crafting_table":5,"minecraft:white_bed":1,"minecraft:oak_log":1,"minecraft:black_wool":1,"minecraft:bread":13,"minecraft:string":1,"minecraft:iron_pickaxe":91,"minecraft:stone_axe":39,"minecraft:cobblestone":19,"minecraft:bucket":4,"minecraft:andesite":1,"alexsmobs:animal_dictionary":1},"minecraft:picked_up":{"minecraft:wooden_axe":5,"minecraft:crafting_table":5,"minecraft:iron_chestplate":1,"minecraft:wheat":2,"minecraft:smithing_table":4,"minecraft:shield":4,"minecraft:string":12,"minecraft:raw_copper":20,"minecraft:iron_leggings":1,"minecraft:beetroot":6,"minecraft:beef":7,"minecraft:player_head":5,"minecraft:iron_pickaxe":9,"minecraft:lectern":4,"minecraft:coal_block":2,"minecraft:raw_copper_block":5,"minecraft:iron_boots":2,"minecraft:furnace":26,"minecraft:stick":22,"minecraft:raw_iron":107,"minecraft:raw_gold_block":9,"minecraft:torch":59,"minecraft:stone_sword":6,"minecraft:arrow":6,"minecraft:rotten_flesh":55,"minecraft:beetroot_seeds":12,"minecraft:gold_ingot":9,"minecraft:mutton":8,"minecraft:white_wool":5,"minecraft:cobblestone":280,"minecraft:cooked_beef":10,"minecraft:andesite":2,"minecraft:leather":7,"minecraft:oak_log":23,"minecraft:dirt":173,"minecraft:cooked_mutton":4,"minecraft:bone":11,"minecraft:stonecutter":4,"minecraft:wheat_seeds":22,"minecraft:grindstone":5,"minecraft:iron_ingot":19,"minecraft:stone_pickaxe":6,"alexsmobs:blobfish":1,"minecraft:oak_planks":56,"minecraft:iron_sword":2,"aquaculture:atlantic_herring":1,"minecraft:book":135,"minecraft:pumpkin":60,"minecraft:raw_iron_block":5,"minecraft:loom":5,"minecraft:grass_block":1,"alexsmobs:animal_dictionary":6,"minecraft:barrel":9,"minecraft:spider_eye":2,"minecraft:stone_axe":2,"minecraft:iron_helmet":2,"minecraft:granite":9,"minecraft:gray_wool":7,"minecraft:bread":62,"minecraft:oak_sapling":7,"minecraft:damaged_anvil":4,"minecraft:black_wool":7,"minecraft:coal":173,"minecraft:ender_pearl":1},"minecraft:dropped":{"minecraft:ender_pearl":1,"minecraft:iron_helmet":1,"minecraft:grass_block":1,"minecraft:dirt":11,"minecraft:iron_leggings":1,"minecraft:player_head":1,"minecraft:rotten_flesh":2,"minecraft:iron_boots":1,"minecraft:iron_chestplate":1,"minecraft:wooden_pickaxe":1},"minecraft:killed_by":{"minecraft:piglin_brute":1,"minecraft:creeper":2,"minecraft:piglin":3,"minecraft:skeleton":5,"cave_dweller:cave_dweller":1},"minecraft:broken":{"minecraft:stone_sword":1,"minecraft:stone_pickaxe":1},"minecraft:custom":{"minecraft:mob_kills":38,"minecraft:interact_with_crafting_table":23,"minecraft:open_barrel":7,"minecraft:leave_game":4,"minecraft:time_since_death":175,"minecraft:sprint_one_cm":292260,"minecraft:walk_one_cm":309120,"minecraft:damage_blocked_by_shield":1260,"minecraft:drop":21,"minecraft:play_time":87968,"minecraft:deaths":12,"minecraft:sneak_time":8752,"minecraft:walk_under_water_one_cm":10469,"minecraft:jump":1629,"minecraft:walk_on_water_one_cm":11391,"minecraft:total_world_time":87968,"minecraft:interact_with_furnace":53,"minecraft:sleep_in_bed":4,"minecraft:time_since_rest":211,"minecraft:damage_taken":4902,"minecraft:damage_dealt":7276,"minecraft:swim_one_cm":39122,"minecraft:fly_one_cm":310331,"minecraft:open_chest":6,"minecraft:crouch_one_cm":20697,"minecraft:fall_one_cm":46505},"minecraft:killed":{"minecraft:spider":4,"minecraft:skeleton":4,"minecraft:piglin_brute":4,"minecraft:wolf":1,"minecraft:piglin":3,"minecraft:creeper":1,"minecraft:sheep":4,"minecraft:zombie":14,"alexsmobs:fly":1,"minecraft:enderman":1,"minecraft:cow":1},"minecraft:mined":{"minecraft:glow_lichen":2,"minecraft:granite":1,"minecraft:grass_block":2,"minecraft:coal_block":1,"minecraft:spruce_leaves":2,"minecraft:raw_iron_block":1,"minecraft:furnace":4,"minecraft:raw_gold_block":1,"minecraft:iron_ore":61,"minecraft:barrel":3,"minecraft:andesite":1,"minecraft:pumpkin":12,"minecraft:bookshelf":9,"minecraft:deepslate_iron_ore":8,"minecraft:stone":72,"minecraft:player_head":2,"minecraft:tripwire":1,"minecraft:smithing_table":1,"minecraft:crafting_table":4,"minecraft:lectern":1,"minecraft:mushroom_stem":7,"minecraft:cobblestone":1,"minecraft:grindstone":1,"minecraft:damaged_anvil":1,"minecraft:grass":8,"minecraft:black_wool":1,"minecraft:oak_log":5,"minecraft:coal_ore":98,"minecraft:loom":1,"minecraft:dirt":21,"minecraft:raw_copper_block":1,"minecraft:stonecutter":1,"minecraft:small_dripleaf":1,"minecraft:oak_leaves":4}},"DataVersion":3465}