{"stats":{"minecraft:crafted":{"minecraft:cooked_beef":7,"minecraft:oak_planks":40,"minecraft:crafting_table":1,"minecraft:wooden_pickaxe":1,"minecraft:furnace":1,"minecraft:stone_axe":1,"minecraft:cooked_mutton":4,"minecraft:air":0,"minecraft:stick":16,"minecraft:iron_pickaxe":1,"minecraft:stone_pickaxe":1,"minecraft:stone_sword":1,"minecraft:white_bed":1,"minecraft:torch":52},"minecraft:used":{"minecraft:cooked_mutton":4,"minecraft:stone_sword":100,"minecraft:stone_pickaxe":157,"minecraft:wooden_pickaxe":20,"minecraft:rotten_flesh":5,"minecraft:torch":23,"minecraft:dirt":27,"minecraft:crafting_table":4,"minecraft:white_bed":1,"minecraft:oak_log":1,"minecraft:wooden_axe":15,"minecraft:black_wool":1,"minecraft:bread":3,"minecraft:iron_pickaxe":2,"minecraft:barrel":3,"minecraft:stone_axe":39,"minecraft:cobblestone":15,"minecraft:furnace":2,"alexsmobs:animal_dictionary":1,"minecraft:cooked_beef":7},"minecraft:picked_up":{"minecraft:wooden_axe":2,"minecraft:crafting_table":5,"minecraft:wheat":2,"minecraft:cooked_beef":10,"minecraft:leather":3,"minecraft:smithing_table":4,"minecraft:oak_log":23,"minecraft:string":2,"minecraft:dirt":125,"minecraft:raw_copper":4,"minecraft:cooked_mutton":4,"minecraft:bone":1,"minecraft:beetroot":6,"minecraft:stonecutter":4,"minecraft:wheat_seeds":22,"minecraft:iron_ingot":5,"minecraft:grindstone":5,"minecraft:beef":7,"minecraft:stone_pickaxe":6,"minecraft:player_head":5,"minecraft:iron_pickaxe":4,"minecraft:lectern":4,"alexsmobs:blobfish":1,"minecraft:coal_block":2,"minecraft:oak_planks":16,"aquaculture:atlantic_herring":1,"minecraft:raw_copper_block":5,"minecraft:furnace":17,"minecraft:book":135,"minecraft:raw_iron":7,"minecraft:stick":14,"minecraft:raw_gold_block":5,"minecraft:pumpkin":60,"minecraft:raw_iron_block":5,"minecraft:loom":5,"minecraft:grass_block":1,"alexsmobs:animal_dictionary":6,"minecraft:barrel":9,"minecraft:stone_sword":6,"minecraft:arrow":4,"minecraft:rotten_flesh":9,"minecraft:beetroot_seeds":12,"minecraft:stone_axe":2,"minecraft:granite":7,"minecraft:bread":19,"minecraft:gold_ingot":9,"minecraft:gray_wool":7,"minecraft:oak_sapling":3,"minecraft:damaged_anvil":4,"minecraft:black_wool":7,"minecraft:mutton":8,"minecraft:coal":101,"minecraft:white_wool":5,"minecraft:cobblestone":85,"minecraft:ender_pearl":1},"minecraft:dropped":{"minecraft:player_head":1,"minecraft:ender_pearl":1,"minecraft:rotten_flesh":2,"minecraft:grass_block":1,"minecraft:dirt":11,"minecraft:wooden_pickaxe":1},"minecraft:killed_by":{"minecraft:piglin":3,"minecraft:piglin_brute":1,"minecraft:creeper":2},"minecraft:broken":{"minecraft:stone_pickaxe":1},"minecraft:custom":{"minecraft:interact_with_furnace":17,"minecraft:mob_kills":24,"minecraft:interact_with_crafting_table":6,"minecraft:open_barrel":7,"minecraft:leave_game":2,"minecraft:time_since_death":12080,"minecraft:sleep_in_bed":2,"minecraft:time_since_rest":10955,"minecraft:sprint_one_cm":173376,"minecraft:damage_taken":2940,"minecraft:walk_one_cm":183729,"minecraft:drop":17,"minecraft:damage_dealt":4543,"minecraft:swim_one_cm":32695,"minecraft:fly_one_cm":183804,"minecraft:open_chest":5,"minecraft:play_time":52231,"minecraft:crouch_one_cm":13275,"minecraft:sneak_time":5861,"minecraft:deaths":6,"minecraft:walk_under_water_one_cm":2252,"minecraft:jump":961,"minecraft:walk_on_water_one_cm":6916,"minecraft:total_world_time":52231,"minecraft:fall_one_cm":22663},"minecraft:killed":{"minecraft:wolf":1,"minecraft:piglin":3,"minecraft:spider":2,"minecraft:creeper":1,"minecraft:sheep":4,"minecraft:skeleton":1,"minecraft:zombie":5,"alexsmobs:fly":1,"minecraft:piglin_brute":4,"minecraft:enderman":1,"minecraft:cow":1},"minecraft:mined":{"minecraft:smithing_table":1,"minecraft:crafting_table":4,"minecraft:glow_lichen":2,"minecraft:granite":1,"minecraft:grass_block":2,"minecraft:lectern":1,"minecraft:mushroom_stem":7,"minecraft:coal_block":1,"minecraft:cobblestone":1,"minecraft:spruce_leaves":2,"minecraft:grindstone":1,"minecraft:damaged_anvil":1,"minecraft:raw_iron_block":1,"minecraft:furnace":4,"minecraft:raw_gold_block":1,"minecraft:iron_ore":7,"minecraft:barrel":3,"minecraft:pumpkin":12,"minecraft:grass":7,"minecraft:black_wool":1,"minecraft:bookshelf":9,"minecraft:oak_log":5,"minecraft:coal_ore":98,"minecraft:loom":1,"minecraft:dirt":21,"minecraft:raw_copper_block":1,"minecraft:stonecutter":1,"minecraft:stone":46,"minecraft:small_dripleaf":1,"minecraft:player_head":2,"minecraft:oak_leaves":4}},"DataVersion":3465}