{"stats":{"minecraft:crafted":{"minecraft:stone_sword":1,"minecraft:oak_planks":16,"minecraft:stone_axe":1,"minecraft:stick":12,"minecraft:stone_pickaxe":1,"minecraft:wooden_pickaxe":1},"minecraft:used":{"minecraft:stone_sword":2,"alexsmobs:animal_dictionary":1,"minecraft:wooden_pickaxe":20},"minecraft:picked_up":{"minecraft:crafting_table":1,"minecraft:beef":3,"minecraft:oak_log":4,"minecraft:dirt":11,"minecraft:cobblestone":20},"minecraft:dropped":{"minecraft:dirt":11,"minecraft:wooden_pickaxe":1},"minecraft:custom":{"minecraft:time_since_rest":5878,"minecraft:crouch_one_cm":1265,"minecraft:play_time":5878,"minecraft:sprint_one_cm":13886,"minecraft:damage_taken":30,"minecraft:walk_one_cm":10431,"minecraft:sneak_time":728,"minecraft:walk_under_water_one_cm":1015,"minecraft:mob_kills":1,"minecraft:drop":12,"minecraft:jump":69,"minecraft:damage_dealt":100,"minecraft:time_since_death":5878,"minecraft:leave_game":1,"minecraft:walk_on_water_one_cm":4177,"minecraft:total_world_time":5878,"minecraft:swim_one_cm":12742,"minecraft:interact_with_crafting_table":2,"minecraft:fall_one_cm":1196,"minecraft:fly_one_cm":15080},"minecraft:killed":{"minecraft:cow":1},"minecraft:mined":{"minecraft:oak_log":4,"minecraft:stone":20,"minecraft:crafting_table":1}},"DataVersion":3465}