{"stats":{"minecraft:crafted":{"minecraft:cooked_beef":4,"minecraft:oak_planks":16,"minecraft:wooden_pickaxe":1,"minecraft:furnace":1,"minecraft:stone_axe":1,"minecraft:cooked_mutton":4,"minecraft:air":0,"minecraft:stick":16,"minecraft:iron_pickaxe":1,"minecraft:stone_pickaxe":1,"minecraft:stone_sword":1,"minecraft:white_bed":1},"minecraft:picked_up":{"minecraft:crafting_table":3,"minecraft:wheat":1,"minecraft:cooked_beef":6,"minecraft:smithing_table":1,"minecraft:oak_log":4,"minecraft:dirt":88,"minecraft:cooked_mutton":4,"minecraft:bone":1,"minecraft:stonecutter":1,"minecraft:wheat_seeds":6,"minecraft:grindstone":1,"minecraft:beef":7,"minecraft:stone_pickaxe":2,"minecraft:player_head":2,"minecraft:lectern":1,"minecraft:coal_block":1,"minecraft:oak_planks":14,"minecraft:raw_copper_block":1,"minecraft:furnace":2,"minecraft:book":27,"minecraft:pumpkin":12,"minecraft:raw_iron_block":1,"minecraft:loom":1,"minecraft:grass_block":1,"minecraft:barrel":1,"alexsmobs:animal_dictionary":2,"minecraft:stone_sword":2,"minecraft:arrow":2,"minecraft:rotten_flesh":4,"minecraft:stone_axe":1,"minecraft:gray_wool":3,"minecraft:damaged_anvil":1,"minecraft:black_wool":3,"minecraft:mutton":6,"minecraft:coal":35,"minecraft:white_wool":5,"minecraft:cobblestone":35,"minecraft:ender_pearl":1},"minecraft:used":{"minecraft:cooked_mutton":4,"minecraft:stone_sword":59,"minecraft:stone_pickaxe":46,"minecraft:wooden_pickaxe":20,"minecraft:dirt":27,"minecraft:crafting_table":3,"minecraft:white_bed":1,"minecraft:black_wool":1,"minecraft:iron_pickaxe":2,"minecraft:stone_axe":39,"minecraft:furnace":1,"alexsmobs:animal_dictionary":1,"minecraft:cooked_beef":4},"minecraft:dropped":{"minecraft:ender_pearl":1,"minecraft:rotten_flesh":2,"minecraft:dirt":11,"minecraft:wooden_pickaxe":1},"minecraft:killed_by":{"minecraft:creeper":2},"minecraft:custom":{"minecraft:interact_with_furnace":13,"minecraft:mob_kills":14,"minecraft:interact_with_crafting_table":5,"minecraft:open_barrel":2,"minecraft:leave_game":2,"minecraft:time_since_death":19977,"minecraft:time_since_rest":20001,"minecraft:sprint_one_cm":112677,"minecraft:damage_taken":1280,"minecraft:walk_one_cm":104600,"minecraft:drop":15,"minecraft:damage_dealt":2406,"minecraft:swim_one_cm":32695,"minecraft:fly_one_cm":152046,"minecraft:crouch_one_cm":6013,"minecraft:sneak_time":2436,"minecraft:play_time":32244,"minecraft:deaths":2,"minecraft:walk_under_water_one_cm":2252,"minecraft:jump":717,"minecraft:walk_on_water_one_cm":6916,"minecraft:total_world_time":32244,"minecraft:fall_one_cm":18880},"minecraft:killed":{"minecraft:wolf":1,"minecraft:spider":1,"minecraft:sheep":4,"minecraft:skeleton":1,"minecraft:zombie":3,"alexsmobs:fly":1,"minecraft:piglin_brute":1,"minecraft:enderman":1,"minecraft:cow":1},"minecraft:mined":{"minecraft:smithing_table":1,"minecraft:crafting_table":4,"minecraft:glow_lichen":2,"minecraft:grass_block":1,"minecraft:lectern":1,"minecraft:mushroom_stem":4,"minecraft:coal_block":1,"minecraft:spruce_leaves":2,"minecraft:grindstone":1,"minecraft:damaged_anvil":1,"minecraft:raw_iron_block":1,"minecraft:furnace":2,"minecraft:raw_gold_block":1,"minecraft:barrel":1,"minecraft:pumpkin":12,"minecraft:grass":7,"minecraft:black_wool":1,"minecraft:bookshelf":9,"minecraft:oak_log":4,"minecraft:coal_ore":32,"minecraft:loom":1,"minecraft:dirt":10,"minecraft:raw_copper_block":1,"minecraft:stonecutter":1,"minecraft:stone":21,"minecraft:small_dripleaf":1,"minecraft:player_head":2,"minecraft:oak_leaves":4}},"DataVersion":3465}