{"stats":{"minecraft:dropped":{"minecraft:wheat_seeds":1,"minecraft:golden_helmet":1,"minecraft:ender_pearl":1,"minecraft:iron_helmet":1,"minecraft:cobblestone":6,"minecraft:leather":2,"minecraft:apple":1,"minecraft:saddle":2,"minecraft:grass_block":1,"minecraft:coal":2,"minecraft:dirt":11,"minecraft:dark_oak_log":26,"minecraft:iron_leggings":3,"minecraft:dried_kelp":49,"minecraft:iron_axe":1,"minecraft:sand":20,"minecraft:string":3,"minecraft:gravel":1,"minecraft:player_head":1,"minecraft:wheat":1,"minecraft:rotten_flesh":2,"minecraft:iron_boots":2,"minecraft:golden_shovel":1,"minecraft:gunpowder":5,"minecraft:iron_chestplate":1,"minecraft:spider_eye":1,"minecraft:wooden_pickaxe":2,"minecraft:egg":2},"minecraft:picked_up":{"minecraft:wooden_axe":5,"minecraft:cocoa_beans":2,"minecraft:iron_chestplate":5,"minecraft:crafting_table":20,"minecraft:wheat":58,"minecraft:clay_ball":16,"minecraft:lead":2,"minecraft:smithing_table":4,"minecraft:wooden_pickaxe":1,"minecraft:oak_stairs":8,"minecraft:golden_shovel":1,"minecraft:shield":7,"minecraft:string":24,"minecraft:raw_copper":20,"minecraft:iron_axe":4,"minecraft:flint_and_steel":3,"minecraft:iron_leggings":6,"minecraft:beetroot":6,"minecraft:gold_nugget":13,"minecraft:cobbled_deepslate":5,"minecraft:bucket":3,"minecraft:sugar_cane":15,"minecraft:beef":7,"minecraft:oak_boat":7,"minecraft:player_head":5,"minecraft:jungle_sapling":2,"minecraft:azalea":5,"minecraft:iron_pickaxe":12,"minecraft:lectern":4,"minecraft:coal_block":2,"minecraft:chest":2,"minecraft:birch_sapling":15,"minecraft:furnace":29,"minecraft:iron_boots":6,"minecraft:raw_copper_block":5,"minecraft:egg":10,"minecraft:golden_helmet":1,"minecraft:dark_oak_sapling":18,"minecraft:stick":69,"minecraft:raw_iron":433,"minecraft:raw_gold_block":9,"minecraft:torch":135,"minecraft:dried_kelp":96,"minecraft:diorite":32,"minecraft:carrot":351,"minecraft:dark_oak_planks":361,"minecraft:stone_sword":11,"minecraft:arrow":34,"minecraft:stone_shovel":1,"minecraft:rotten_flesh":84,"minecraft:beetroot_seeds":12,"minecraft:golden_hoe":1,"minecraft:saddle":2,"aquaculture:carp":1,"minecraft:gold_ingot":9,"minecraft:glow_berries":40,"minecraft:mutton":8,"minecraft:birch_log":74,"minecraft:white_wool":5,"alexsmobs:flying_fish":10,"minecraft:cobblestone":1232,"minecraft:clock":1,"minecraft:cooked_beef":10,"minecraft:birch_slab":2,"minecraft:andesite":11,"minecraft:leather":9,"minecraft:potato":225,"minecraft:birch_planks":114,"minecraft:flint":20,"minecraft:oak_log":90,"minecraft:gunpowder":23,"minecraft:dirt":4105,"minecraft:cooked_mutton":4,"minecraft:bone":37,"minecraft:apple":1,"minecraft:stonecutter":4,"minecraft:kelp":643,"minecraft:bow":3,"minecraft:wheat_seeds":191,"minecraft:grindstone":5,"minecraft:iron_ingot":157,"minecraft:stone_pickaxe":9,"aquaculture:minnow":1,"minecraft:bamboo":3,"minecraft:moss_block":5,"alexsmobs:blobfish":1,"minecraft:iron_sword":2,"minecraft:oak_planks":80,"minecraft:flowering_azalea":9,"minecraft:dark_oak_stairs":2,"aquaculture:atlantic_herring":1,"minecraft:book":135,"minecraft:pumpkin":60,"minecraft:birch_stairs":14,"minecraft:raw_iron_block":5,"minecraft:gravel":70,"minecraft:sand":26,"minecraft:spruce_sapling":4,"minecraft:white_bed":4,"minecraft:grass_block":1,"minecraft:loom":5,"alexsmobs:animal_dictionary":6,"minecraft:dark_oak_log":480,"minecraft:spider_eye":3,"minecraft:barrel":9,"aquaculture:wooden_fillet_knife":1,"minecraft:stone_axe":2,"minecraft:iron_helmet":5,"minecraft:granite":93,"minecraft:stripped_dark_oak_log":6,"minecraft:gray_wool":7,"minecraft:bread":62,"minecraft:baked_potato":425,"minecraft:oak_sapling":25,"minecraft:damaged_anvil":4,"minecraft:black_wool":7,"minecraft:coal":654,"minecraft:ender_pearl":1},"minecraft:killed_by":{"minecraft:piglin_brute":1,"minecraft:creeper":5,"minecraft:piglin":3,"minecraft:skeleton":6,"cave_dweller:cave_dweller":4},"minecraft:used":{"minecraft:stone_sword":266,"minecraft:iron_shovel":1003,"minecraft:stone_shovel":1840,"minecraft:dried_kelp":47,"minecraft:chest":9,"minecraft:shield":47,"minecraft:iron_sword":27,"minecraft:rotten_flesh":5,"minecraft:iron_chestplate":1,"minecraft:torch":288,"minecraft:dirt":3084,"minecraft:carrot":221,"minecraft:granite":1,"minecraft:dark_oak_planks":1,"minecraft:wooden_axe":19,"minecraft:iron_hoe":787,"minecraft:iron_axe":450,"minecraft:oak_stairs":8,"minecraft:birch_sapling":11,"minecraft:dark_oak_wood":9,"minecraft:dark_oak_slab":4,"minecraft:barrel":3,"minecraft:dark_oak_boat":1,"minecraft:oak_sapling":6,"minecraft:furnace":15,"minecraft:egg":1,"minecraft:potato":224,"minecraft:cooked_beef":7,"minecraft:dark_oak_sapling":7,"minecraft:wheat_seeds":165,"minecraft:cooked_mutton":4,"minecraft:dark_oak_stairs":2,"minecraft:water_bucket":36,"minecraft:birch_planks":2,"minecraft:stone_pickaxe":419,"minecraft:baked_potato":61,"minecraft:wooden_pickaxe":79,"minecraft:sugar_cane":15,"minecraft:golden_hoe":31,"minecraft:stripped_dark_oak_log":6,"minecraft:crafting_table":22,"minecraft:white_bed":6,"minecraft:campfire":4,"minecraft:oak_log":1,"mcwdoors:birch_bark_glass_door":6,"minecraft:black_wool":1,"minecraft:birch_slab":74,"minecraft:dark_oak_log":183,"minecraft:bread":13,"minecraft:iron_pickaxe":331,"minecraft:string":1,"minecraft:gravel":1,"minecraft:stone_axe":39,"minecraft:cobblestone":29,"minecraft:andesite":1,"minecraft:bucket":37,"minecraft:kelp":49,"minecraft:oak_boat":8,"alexsmobs:animal_dictionary":1,"minecraft:bone_meal":8,"minecraft:birch_stairs":190},"minecraft:killed":{"minecraft:witch":1,"minecraft:spider":11,"minecraft:skeleton":14,"minecraft:piglin_brute":4,"minecraft:wolf":1,"minecraft:piglin":3,"minecraft:creeper":13,"minecraft:sheep":4,"minecraft:zombie":27,"alexsmobs:fly":1,"minecraft:enderman":1,"minecraft:cow":1},"minecraft:broken":{"minecraft:iron_shovel":4,"minecraft:stone_sword":1,"minecraft:wooden_pickaxe":1,"minecraft:stone_pickaxe":3,"minecraft:iron_axe":1,"minecraft:stone_shovel":14,"minecraft:iron_hoe":3},"minecraft:crafted":{"minecraft:oak_planks":212,"minecraft:stone_shovel":15,"minecraft:dark_oak_boat":1,"mcwdoors:birch_bark_glass_door":6,"minecraft:dark_oak_wood":9,"minecraft:birch_slab":72,"minecraft:furnace":13,"minecraft:bone_meal":9,"minecraft:cooked_mutton":4,"minecraft:glass":32,"minecraft:iron_boots":3,"minecraft:iron_axe":3,"minecraft:iron_hoe":4,"minecraft:stone_pickaxe":3,"minecraft:chest":7,"minecraft:dark_oak_planks":76,"aquaculture:wooden_fillet_knife":2,"minecraft:cooked_beef":7,"minecraft:dark_oak_stairs":4,"minecraft:crafting_table":7,"minecraft:wooden_pickaxe":2,"minecraft:iron_helmet":3,"minecraft:iron_sword":1,"minecraft:birch_planks":268,"minecraft:bucket":2,"minecraft:campfire":4,"minecraft:stone_axe":1,"minecraft:air":0,"minecraft:oak_boat":2,"minecraft:dark_oak_slab":6,"minecraft:iron_chestplate":3,"minecraft:shield":2,"minecraft:stick":144,"minecraft:iron_ingot":215,"minecraft:iron_pickaxe":3,"minecraft:oak_stairs":4,"minecraft:stone_sword":2,"minecraft:iron_shovel":4,"minecraft:iron_leggings":3,"minecraft:white_bed":2,"minecraft:birch_stairs":180,"minecraft:torch":284},"minecraft:mined":{"minecraft:dark_oak_planks":1,"minecraft:white_bed":4,"minecraft:dark_oak_leaves":78,"minecraft:dark_oak_log":140,"minecraft:cave_vines_plant":1,"minecraft:glow_lichen":2,"minecraft:granite":19,"minecraft:grass_block":2400,"minecraft:coal_block":1,"minecraft:birch_slab":1,"minecraft:spruce_leaves":10,"minecraft:moss_block":1,"minecraft:kelp":233,"minecraft:tall_seagrass":8,"minecraft:raw_iron_block":1,"minecraft:furnace":7,"minecraft:carrots":110,"minecraft:raw_gold_block":1,"minecraft:iron_ore":190,"minecraft:barrel":3,"minecraft:andesite":5,"minecraft:pumpkin":12,"minecraft:dark_oak_stairs":1,"minecraft:bookshelf":9,"minecraft:potatoes":63,"minecraft:cave_vines":1,"minecraft:deepslate_iron_ore":28,"minecraft:oak_stairs":8,"minecraft:azalea":1,"minecraft:stone":272,"minecraft:player_head":2,"minecraft:tripwire":1,"minecraft:smithing_table":1,"minecraft:birch_stairs":14,"minecraft:flowering_azalea":2,"minecraft:kelp_plant":84,"minecraft:stripped_dark_oak_log":6,"minecraft:clay":1,"minecraft:crafting_table":17,"minecraft:torch":5,"minecraft:chest":2,"minecraft:lectern":1,"minecraft:mushroom_stem":7,"minecraft:tall_grass":3,"minecraft:cobblestone":1,"minecraft:grindstone":1,"minecraft:damaged_anvil":1,"minecraft:diorite":14,"minecraft:wall_torch":1,"minecraft:birch_sapling":1,"minecraft:seagrass":19,"minecraft:birch_planks":2,"minecraft:birch_log":28,"minecraft:wheat":57,"minecraft:birch_leaves":13,"minecraft:black_wool":1,"minecraft:grass":33,"minecraft:oak_log":60,"minecraft:coal_ore":265,"minecraft:gravel":8,"minecraft:loom":1,"minecraft:dirt":558,"minecraft:sand":15,"minecraft:raw_copper_block":1,"minecraft:stonecutter":1,"minecraft:small_dripleaf":1,"minecraft:oak_leaves":22,"minecraft:deepslate":1},"minecraft:custom":{"minecraft:mob_kills":86,"minecraft:interact_with_crafting_table":117,"minecraft:open_barrel":7,"minecraft:interact_with_campfire":180,"minecraft:leave_game":17,"minecraft:time_since_death":248172,"minecraft:climb_one_cm":1027,"minecraft:sprint_one_cm":1172284,"minecraft:walk_one_cm":1323634,"minecraft:damage_blocked_by_shield":2715,"minecraft:drop":57,"minecraft:talked_to_villager":1,"minecraft:play_time":525208,"minecraft:sneak_time":100242,"minecraft:deaths":20,"minecraft:walk_under_water_one_cm":73972,"minecraft:boat_one_cm":656097,"minecraft:jump":6585,"minecraft:walk_on_water_one_cm":93945,"minecraft:total_world_time":525208,"minecraft:interact_with_furnace":114,"minecraft:sleep_in_bed":30,"minecraft:time_since_rest":1835,"minecraft:damage_taken":9108,"minecraft:damage_dealt":15971,"minecraft:swim_one_cm":244125,"minecraft:fly_one_cm":1380704,"minecraft:open_chest":107,"minecraft:crouch_one_cm":465893,"minecraft:interact_with_smoker":1,"minecraft:fall_one_cm":117738}},"DataVersion":3465}