{"stats":{"minecraft:picked_up":{"minecraft:iron_chestplate":1,"minecraft:iron_leggings":1,"minecraft:spruce_boat":1,"minecraft:iron_helmet":1,"minecraft:bread":64,"origins:orb_of_origin":1,"minecraft:dirt":1,"minecraft:iron_boots":1},"minecraft:used":{"minecraft:dirt":1,"minecraft:bread":2,"minecraft:carrot":5,"alexsmobs:animal_dictionary":4,"minecraft:egg":1,"minecraft:gravel":6},"minecraft:mined":{"minecraft:grass":5,"minecraft:grass_block":1,"minecraft:tall_grass":9,"minecraft:oak_leaves":1},"minecraft:custom":{"minecraft:open_chest":4,"minecraft:time_since_rest":15138,"minecraft:crouch_one_cm":996,"minecraft:play_time":36260,"minecraft:sprint_one_cm":45085,"minecraft:damage_taken":88,"minecraft:walk_one_cm":59737,"minecraft:sneak_time":736,"minecraft:walk_under_water_one_cm":16640,"minecraft:boat_one_cm":46305,"minecraft:aviate_one_cm":14165,"minecraft:jump":350,"minecraft:leave_game":3,"minecraft:time_since_death":36260,"minecraft:walk_on_water_one_cm":19477,"minecraft:sleep_in_bed":1,"minecraft:total_world_time":36260,"minecraft:swim_one_cm":35647,"minecraft:fall_one_cm":19564,"minecraft:fly_one_cm":133065}},"DataVersion":3465}