{"stats":{"minecraft:crafted":{"minecraft:oak_planks":12,"minecraft:stone_shovel":1,"minecraft:cooked_chicken":3,"minecraft:furnace":4,"minecraft:stone":16,"minecraft:cooked_mutton":1,"minecraft:glass":29,"minecraft:iron_axe":2,"minecraft:cooked_beef":1,"minecraft:cooked_porkchop":4,"minecraft:crafting_table":2,"minecraft:spruce_planks":60,"minecraft:dried_kelp":86,"minecraft:baked_potato":34,"minecraft:iron_sword":1,"minecraft:spruce_door":3,"minecraft:bucket":1,"minecraft:bread":4,"minecraft:air":0,"minecraft:iron_chestplate":1,"minecraft:shield":3,"minecraft:stick":48,"minecraft:iron_pickaxe":2,"minecraft:iron_ingot":35,"minecraft:stone_sword":1,"minecraft:torch":132},"minecraft:used":{"minecraft:stone_sword":52,"minecraft:stone_shovel":3,"minecraft:dried_kelp":15,"minecraft:spruce_planks":1,"minecraft:shield":1,"minecraft:white_terracotta":1,"minecraft:iron_sword":29,"minecraft:cooked_chicken":3,"minecraft:torch":26,"minecraft:dirt":18,"minecraft:carrot":52,"minecraft:granite":1,"minecraft:iron_axe":37,"minecraft:magma_block":2,"minecraft:furnace":7,"minecraft:cooked_cod":2,"minecraft:egg":3,"minecraft:cooked_beef":2,"minecraft:potato":65,"minecraft:wheat_seeds":13,"minecraft:cooked_mutton":5,"minecraft:water_bucket":1,"minecraft:spruce_door":6,"minecraft:stone_pickaxe":146,"minecraft:crafting_table":11,"minecraft:blast_furnace":1,"minecraft:bread":2,"minecraft:iron_pickaxe":112,"minecraft:gravel":1,"minecraft:cobblestone":102,"minecraft:cooked_porkchop":17,"minecraft:andesite":1,"minecraft:bucket":2,"alexsmobs:animal_dictionary":3,"minecraft:bone_meal":52},"minecraft:picked_up":{"minecraft:iron_chestplate":1,"minecraft:crafting_table":11,"minecraft:wheat":7,"minecraft:chicken":3,"minecraft:potion":1,"minecraft:shield":2,"minecraft:string":1,"minecraft:raw_copper":5,"minecraft:iron_axe":4,"minecraft:cobbled_deepslate":2,"minecraft:bucket":1,"minecraft:spruce_planks":30,"minecraft:beef":13,"minecraft:azalea":1,"minecraft:iron_nugget":4,"minecraft:iron_pickaxe":2,"minecraft:egg":3,"minecraft:furnace":4,"minecraft:stick":10,"minecraft:raw_iron":62,"minecraft:sandstone":43,"minecraft:torch":61,"minecraft:bowl":1,"minecraft:spruce_stairs":2,"minecraft:note_block":4,"minecraft:porkchop":17,"minecraft:dried_kelp":113,"minecraft:carrot":93,"origins:orb_of_origin":2,"minecraft:rotten_flesh":10,"minecraft:stone_sword":2,"minecraft:arrow":2,"minecraft:stone_shovel":5,"minecraft:white_terracotta":1,"minecraft:brick_stairs":6,"minecraft:glow_berries":1,"minecraft:mutton":2,"minecraft:snowball":29,"minecraft:white_wool":1,"minecraft:cobblestone":507,"minecraft:magma_block":5,"minecraft:feather":2,"minecraft:repeater":11,"minecraft:andesite":11,"minecraft:leather":6,"minecraft:potato":100,"minecraft:filled_map":2,"minecraft:oak_log":13,"minecraft:dirt":106,"minecraft:lantern":1,"minecraft:cooked_mutton":4,"minecraft:bone":2,"minecraft:kelp":346,"minecraft:wheat_seeds":93,"minecraft:spore_blossom":1,"minecraft:stone_pickaxe":14,"minecraft:iron_ingot":5,"minecraft:flowering_azalea":2,"minecraft:iron_sword":1,"minecraft:stone_hoe":1,"minecraft:cooked_porkchop":3,"minecraft:pumpkin":17,"minecraft:poisonous_potato":2,"minecraft:gravel":7,"minecraft:sand":19,"minecraft:spruce_sapling":18,"minecraft:ink_sac":4,"minecraft:blast_furnace":1,"minecraft:spruce_log":111,"alexsmobs:animal_dictionary":3,"minecraft:spruce_door":10,"minecraft:spider_eye":4,"minecraft:diamond":2,"minecraft:stone_axe":1,"minecraft:granite":1,"minecraft:bone_meal":54,"minecraft:bread":1,"minecraft:emerald":1,"alexsmobs:maggot":5,"minecraft:baked_potato":33,"minecraft:bricks":9,"minecraft:coal":161},"minecraft:dropped":{"minecraft:bread":3,"minecraft:wheat_seeds":56,"minecraft:baked_potato":67,"minecraft:diamond":4,"minecraft:spore_blossom":1,"minecraft:cooked_porkchop":7,"minecraft:poisonous_potato":2,"minecraft:cobblestone":312,"minecraft:glow_berries":1,"minecraft:granite":1,"minecraft:spruce_stairs":2,"minecraft:stick":10,"minecraft:dirt":78,"origins:orb_of_origin":1,"minecraft:ink_sac":4,"minecraft:torch":13,"minecraft:snowball":29,"minecraft:dried_kelp":165,"minecraft:axolotl_bucket":1,"minecraft:bone_meal":2,"minecraft:flowering_azalea":2,"minecraft:iron_axe":3,"minecraft:iron_pickaxe":2,"minecraft:bucket":1,"minecraft:spruce_sapling":13,"minecraft:bone":2,"minecraft:gravel":1,"minecraft:stone_axe":1,"alexsmobs:maggot":5,"minecraft:stone_sword":1,"alexsmobs:animal_dictionary":2,"minecraft:raw_iron":2,"minecraft:stone_shovel":1,"minecraft:rotten_flesh":7,"minecraft:oak_planks":2,"minecraft:carrot":1,"minecraft:suspicious_stew":1,"minecraft:filled_map":2,"minecraft:shield":2,"minecraft:spruce_planks":1,"minecraft:iron_chestplate":2,"minecraft:azalea":1,"minecraft:spider_eye":4,"minecraft:spruce_log":80,"minecraft:glass":29,"minecraft:stone_pickaxe":7,"minecraft:beef":2},"minecraft:killed_by":{"minecraft:player":1,"minecraft:creeper":1,"minecraft:drowned":1,"minecraft:zombie":1},"minecraft:custom":{"minecraft:mob_kills":35,"minecraft:animals_bred":5,"minecraft:interact_with_crafting_table":29,"minecraft:leave_game":2,"minecraft:time_since_death":37235,"minecraft:climb_one_cm":5664,"minecraft:sprint_one_cm":456959,"minecraft:walk_one_cm":608912,"minecraft:damage_blocked_by_shield":60,"minecraft:drop":125,"minecraft:play_time":225338,"minecraft:deaths":8,"minecraft:sneak_time":13866,"minecraft:walk_under_water_one_cm":148944,"minecraft:jump":4035,"minecraft:interact_with_blast_furnace":4,"minecraft:walk_on_water_one_cm":75046,"minecraft:total_world_time":225338,"minecraft:interact_with_furnace":124,"minecraft:sleep_in_bed":3,"minecraft:time_since_rest":37262,"minecraft:damage_taken":4440,"minecraft:damage_dealt":4173,"minecraft:swim_one_cm":217391,"minecraft:fly_one_cm":517667,"minecraft:player_kills":2,"minecraft:open_chest":80,"minecraft:crouch_one_cm":38755,"minecraft:aviate_one_cm":2670404,"minecraft:fall_one_cm":61407},"minecraft:killed":{"minecraft:spider":2,"minecraft:skeleton":1,"minecraft:chicken":3,"minecraft:pig":9,"minecraft:sheep":1,"alexsmobs:cockroach":1,"minecraft:zombie":8,"alexsmobs:fly":1,"minecraft:cow":8},"minecraft:mined":{"minecraft:spruce_planks":16,"minecraft:deepslate_diamond_ore":1,"minecraft:granite":1,"minecraft:grass_block":25,"minecraft:spruce_leaves":30,"minecraft:kelp":7,"minecraft:sandstone":7,"minecraft:spore_blossom":1,"minecraft:magma_block":3,"minecraft:furnace":4,"minecraft:carrots":19,"minecraft:iron_ore":55,"minecraft:andesite":1,"minecraft:potatoes":35,"minecraft:deepslate_iron_ore":8,"minecraft:stone":230,"minecraft:kelp_plant":15,"minecraft:spruce_door":7,"minecraft:crafting_table":10,"minecraft:blast_furnace":1,"minecraft:tall_grass":3,"minecraft:cobblestone":45,"minecraft:deepslate_coal_ore":3,"minecraft:wall_torch":1,"minecraft:white_terracotta":2,"minecraft:wheat":29,"minecraft:spruce_log":12,"minecraft:grass":4,"minecraft:oak_log":12,"minecraft:coal_ore":113,"minecraft:gravel":4,"minecraft:sand":12,"minecraft:dirt":61,"minecraft:deepslate":2}},"DataVersion":3465}