{"stats":{"minecraft:used":{"minecraft:cooked_mutton":3,"minecraft:dirt":10,"minecraft:cobblestone":24,"alexsmobs:animal_dictionary":1},"minecraft:picked_up":{"minecraft:stick":3,"minecraft:spruce_sapling":7,"minecraft:spruce_log":13,"origins:orb_of_origin":2,"minecraft:string":1,"minecraft:spider_eye":1,"alexsmobs:animal_dictionary":1,"minecraft:dirt":82,"minecraft:cooked_mutton":3,"minecraft:stone_shovel":1,"minecraft:rotten_flesh":4,"minecraft:stone_axe":1,"minecraft:beef":2,"minecraft:stone_pickaxe":11,"minecraft:cobblestone":255},"minecraft:dropped":{"minecraft:dirt":71,"minecraft:stone_axe":1,"origins:orb_of_origin":1,"alexsmobs:animal_dictionary":1,"minecraft:stone_shovel":1,"minecraft:cobblestone":192,"minecraft:rotten_flesh":2,"minecraft:spider_eye":1,"minecraft:spruce_log":7,"minecraft:stone_pickaxe":5,"minecraft:beef":2,"minecraft:spruce_sapling":7,"minecraft:stick":3},"minecraft:killed_by":{"minecraft:zombie":1},"minecraft:custom":{"minecraft:time_since_rest":1930,"minecraft:sprint_one_cm":36188,"minecraft:damage_taken":1193,"minecraft:walk_one_cm":119140,"minecraft:mob_kills":5,"minecraft:drop":23,"minecraft:damage_dealt":801,"minecraft:swim_one_cm":6029,"minecraft:player_kills":1,"minecraft:fly_one_cm":65806,"minecraft:open_chest":6,"minecraft:crouch_one_cm":13272,"minecraft:play_time":40603,"minecraft:deaths":3,"minecraft:sneak_time":2759,"minecraft:walk_under_water_one_cm":375,"minecraft:jump":939,"minecraft:walk_on_water_one_cm":4827,"minecraft:leave_game":1,"minecraft:time_since_death":1897,"minecraft:sleep_in_bed":1,"minecraft:total_world_time":40603,"minecraft:fall_one_cm":21258},"minecraft:killed":{"minecraft:zombie":3,"minecraft:cow":2},"minecraft:mined":{"minecraft:spruce_log":6,"minecraft:grass_block":21,"minecraft:dirt":55,"minecraft:spruce_leaves":14,"minecraft:stone":219}},"DataVersion":3465}