{"stats":{"minecraft:killed":{"minecraft:witch":2,"minecraft:spider":16,"minecraft:skeleton":18,"minecraft:chicken":4,"minecraft:pig":9,"minecraft:zombie_villager":1,"minecraft:creeper":23,"minecraft:sheep":4,"minecraft:zombie":91,"alexsmobs:fly":3,"minecraft:cow":11,"minecraft:phantom":1,"minecraft:bat":1,"alexsmobs:crocodile":1,"alexsmobs:cockroach":1},"minecraft:custom":{"minecraft:animals_bred":5,"minecraft:interact_with_crafting_table":79,"minecraft:open_barrel":2,"minecraft:leave_game":21,"minecraft:time_since_death":87877,"minecraft:sprint_one_cm":1884972,"minecraft:damage_blocked_by_shield":5325,"minecraft:drop":307,"minecraft:play_noteblock":54,"minecraft:talked_to_villager":881,"minecraft:play_time":965094,"minecraft:deaths":22,"minecraft:jump":20480,"minecraft:walk_on_water_one_cm":168583,"minecraft:interact_with_furnace":265,"minecraft:traded_with_villager":1145,"minecraft:sleep_in_bed":39,"minecraft:damage_dealt":33399,"minecraft:player_kills":2,"minecraft:crouch_one_cm":171634,"minecraft:interact_with_smithing_table":2,"minecraft:interact_with_anvil":2,"minecraft:mob_kills":199,"minecraft:climb_one_cm":11986,"minecraft:walk_one_cm":2559301,"minecraft:sneak_time":44261,"minecraft:walk_under_water_one_cm":221615,"minecraft:interact_with_blast_furnace":13,"minecraft:total_world_time":965094,"minecraft:tune_noteblock":130,"minecraft:interact_with_grindstone":5,"minecraft:time_since_rest":2320,"minecraft:damage_taken":19395,"minecraft:swim_one_cm":270809,"minecraft:fly_one_cm":2700571,"minecraft:open_chest":271,"minecraft:aviate_one_cm":7924725,"minecraft:fall_one_cm":356509},"minecraft:broken":{"minecraft:golden_boots":1,"minecraft:stone_pickaxe":1,"minecraft:stone_axe":1,"minecraft:stone_shovel":2,"minecraft:golden_chestplate":1,"minecraft:stone_sword":1,"minecraft:shield":2,"minecraft:diamond_axe":1,"minecraft:iron_axe":6},"minecraft:picked_up":{"minecraft:iron_chestplate":2,"minecraft:wheat":7,"minecraft:chainmail_boots":1,"minecraft:anvil":2,"minecraft:smithing_table":1,"minecraft:stone_slab":15,"minecraft:diamond_sword":2,"minecraft:potion":1,"minecraft:enchanted_book":3,"minecraft:golden_sword":1,"minecraft:string":17,"minecraft:raw_copper":7,"minecraft:iron_leggings":1,"minecraft:diamond_leggings":1,"minecraft:cobbled_deepslate":2,"minecraft:bucket":2,"minecraft:spruce_planks":480,"minecraft:azalea":1,"minecraft:iron_pickaxe":15,"minecraft:melon_slice":2,"minecraft:iron_boots":3,"minecraft:furnace":6,"minecraft:golden_helmet":1,"minecraft:stick":488,"minecraft:composter":4,"minecraft:torch":75,"minecraft:spruce_stairs":2,"minecraft:porkchop":21,"minecraft:dried_kelp":132,"minecraft:diorite":3,"minecraft:golden_chestplate":6,"minecraft:stone_sword":7,"minecraft:rotten_flesh":78,"minecraft:bookshelf":3,"minecraft:white_terracotta":1,"minecraft:snowball":30,"minecraft:cobblestone":930,"minecraft:magma_block":5,"minecraft:feather":4,"minecraft:cooked_beef":10,"minecraft:repeater":25,"minecraft:water_bucket":13,"minecraft:andesite":13,"minecraft:potato":660,"minecraft:flint":23,"minecraft:dirt":453,"minecraft:lantern":2,"minecraft:polished_granite":4,"minecraft:glass":52,"minecraft:bone":61,"minecraft:bow":1,"minecraft:wheat_seeds":116,"minecraft:grindstone":6,"minecraft:fletching_table":10,"minecraft:diamond_helmet":1,"minecraft:stone_hoe":5,"minecraft:oak_planks":46,"minecraft:cooked_porkchop":7,"minecraft:music_disc_13":1,"minecraft:axolotl_bucket":1,"minecraft:poisonous_potato":4,"minecraft:sand":138,"minecraft:stripped_spruce_log":1,"minecraft:ink_sac":7,"alexsmobs:animal_dictionary":7,"minecraft:soul_lantern":6,"minecraft:diamond":2,"minecraft:granite":16,"minecraft:bone_meal":57,"minecraft:chainmail_helmet":1,"minecraft:spruce_button":64,"minecraft:emerald":243,"minecraft:bread":74,"alexsmobs:maggot":13,"minecraft:bricks":9,"minecraft:diamond_pickaxe":1,"minecraft:crafting_table":11,"minecraft:splash_potion":1,"minecraft:chicken":3,"minecraft:redstone_lamp":27,"minecraft:shield":13,"minecraft:iron_axe":12,"minecraft:beef":24,"minecraft:iron_nugget":4,"minecraft:spruce_slab":6,"minecraft:lectern":476,"minecraft:chest":1,"minecraft:sugar_cane":39,"minecraft:spruce_trapdoor":6,"minecraft:egg":41,"minecraft:raw_iron":179,"minecraft:sandstone":43,"minecraft:bowl":1,"minecraft:note_block":4,"minecraft:carrot":265,"origins:orb_of_origin":2,"minecraft:redstone":22,"minecraft:arrow":44,"minecraft:stone_shovel":16,"minecraft:diamond_chestplate":1,"minecraft:pumpkin_pie":42,"minecraft:brick_stairs":6,"minecraft:glow_berries":1,"minecraft:mutton":5,"minecraft:white_wool":4,"minecraft:leather":14,"minecraft:filled_map":2,"minecraft:oak_log":45,"minecraft:chainmail_chestplate":1,"minecraft:golden_boots":1,"minecraft:yellow_bed":12,"minecraft:gunpowder":52,"minecraft:cooked_mutton":4,"minecraft:kelp":346,"minecraft:spore_blossom":1,"minecraft:iron_ingot":157,"minecraft:stone_pickaxe":21,"minecraft:glass_bottle":2,"minecraft:iron_sword":6,"minecraft:flowering_azalea":2,"minecraft:book":11,"minecraft:oak_slab":20,"minecraft:pumpkin":17,"minecraft:gravel":172,"minecraft:spruce_sapling":450,"minecraft:blast_furnace":3,"minecraft:white_bed":1,"minecraft:spruce_log":4647,"minecraft:green_carpet":3,"minecraft:spruce_door":10,"minecraft:spider_eye":8,"minecraft:firework_rocket":34,"minecraft:diamond_shovel":1,"minecraft:stone_axe":2,"minecraft:chainmail_leggings":1,"minecraft:iron_helmet":1,"minecraft:diamond_axe":1,"minecraft:baked_potato":297,"minecraft:coal":253,"minecraft:ender_pearl":1},"minecraft:used":{"minecraft:chest":2,"minecraft:shield":87,"minecraft:white_terracotta":1,"minecraft:iron_sword":416,"minecraft:carrot":131,"minecraft:axolotl_bucket":2,"minecraft:snowball":1,"minecraft:glass":93,"minecraft:magma_block":2,"minecraft:furnace":10,"minecraft:cooked_cod":2,"minecraft:egg":40,"minecraft:potato":331,"minecraft:diorite":3,"minecraft:spruce_door":6,"minecraft:stone_pickaxe":278,"minecraft:chainmail_helmet":1,"minecraft:composter":9,"minecraft:sugar_cane":16,"minecraft:diamond_axe":2677,"minecraft:sand":13,"minecraft:blast_furnace":4,"minecraft:firework_rocket":2,"minecraft:melon_slice":2,"minecraft:bread":48,"minecraft:lectern":484,"minecraft:gravel":158,"minecraft:diamond_sword":63,"minecraft:chainmail_boots":1,"minecraft:grindstone":4,"minecraft:smithing_table":2,"minecraft:andesite":3,"minecraft:bone_meal":61,"minecraft:oak_trapdoor":2,"minecraft:stone_sword":197,"minecraft:stone_shovel":270,"minecraft:dried_kelp":15,"minecraft:spruce_planks":358,"minecraft:cooked_chicken":3,"minecraft:stone_hoe":85,"minecraft:torch":34,"minecraft:dirt":278,"minecraft:anvil":2,"minecraft:chainmail_chestplate":1,"minecraft:golden_chestplate":2,"minecraft:granite":2,"alexsmobs:maggot":1,"minecraft:bookshelf":3,"minecraft:iron_axe":1810,"minecraft:cooked_beef":9,"minecraft:wheat_seeds":13,"minecraft:cooked_mutton":8,"minecraft:water_bucket":25,"minecraft:baked_potato":169,"minecraft:fletching_table":21,"minecraft:oak_slab":1,"minecraft:crafting_table":12,"minecraft:white_bed":2,"minecraft:spruce_log":5,"minecraft:diamond_pickaxe":32,"minecraft:diamond_shovel":50,"minecraft:iron_pickaxe":198,"minecraft:spruce_trapdoor":31,"minecraft:spruce_sapling":259,"minecraft:stone_axe":127,"minecraft:green_carpet":3,"minecraft:cobblestone":133,"minecraft:cooked_porkchop":21,"minecraft:bucket":29,"minecraft:pumpkin_pie":39,"minecraft:yellow_bed":12,"alexsmobs:animal_dictionary":3,"minecraft:chainmail_leggings":1},"minecraft:dropped":{"minecraft:iron_sword":2,"minecraft:porkchop":4,"minecraft:diamond_axe":1,"minecraft:cooked_beef":2,"minecraft:baked_potato":97,"minecraft:ender_pearl":1,"minecraft:glass_bottle":1,"minecraft:diamond":4,"minecraft:spore_blossom":1,"minecraft:cooked_porkchop":7,"minecraft:glow_berries":1,"minecraft:leather":5,"minecraft:emerald":11,"minecraft:music_disc_13":1,"minecraft:dirt":110,"minecraft:redstone_lamp":27,"minecraft:snowball":29,"minecraft:pumpkin_pie":24,"minecraft:bone_meal":2,"minecraft:axolotl_bucket":1,"minecraft:iron_pickaxe":6,"minecraft:bone":4,"minecraft:gravel":2,"minecraft:stone_axe":1,"minecraft:golden_chestplate":1,"alexsmobs:animal_dictionary":3,"minecraft:rotten_flesh":63,"minecraft:oak_planks":13,"minecraft:diamond_shovel":3,"minecraft:carrot":1,"minecraft:chainmail_chestplate":1,"minecraft:gunpowder":15,"minecraft:azalea":1,"minecraft:chainmail_boots":1,"minecraft:arrow":1,"minecraft:glass":36,"minecraft:beef":8,"minecraft:polished_granite":4,"minecraft:lectern":1,"minecraft:firework_rocket":32,"minecraft:egg":1,"minecraft:water_bucket":1,"minecraft:enchanted_book":1,"minecraft:bread":93,"minecraft:wheat_seeds":79,"minecraft:golden_helmet":1,"minecraft:diamond_leggings":3,"minecraft:poisonous_potato":4,"minecraft:iron_helmet":1,"minecraft:feather":2,"minecraft:cobblestone":317,"minecraft:book":2,"minecraft:granite":1,"minecraft:spruce_button":64,"minecraft:spruce_stairs":2,"minecraft:chainmail_helmet":1,"minecraft:stick":17,"origins:orb_of_origin":1,"minecraft:ink_sac":4,"minecraft:torch":13,"minecraft:diamond_helmet":2,"minecraft:iron_leggings":1,"minecraft:dried_kelp":184,"minecraft:flowering_azalea":2,"minecraft:iron_axe":7,"minecraft:chainmail_leggings":1,"minecraft:bucket":1,"minecraft:spruce_sapling":14,"alexsmobs:maggot":12,"minecraft:stone_sword":1,"minecraft:raw_copper":2,"minecraft:raw_iron":2,"minecraft:stone_shovel":3,"minecraft:iron_boots":16,"minecraft:suspicious_stew":1,"minecraft:filled_map":2,"minecraft:diamond_sword":1,"minecraft:potato":24,"minecraft:stone":11,"minecraft:shield":4,"minecraft:diamond_chestplate":1,"minecraft:spruce_planks":86,"minecraft:diamond_pickaxe":1,"minecraft:iron_chestplate":3,"minecraft:spider_eye":8,"minecraft:spruce_log":88,"minecraft:diamond_boots":4,"minecraft:bow":1,"minecraft:stone_pickaxe":7,"minecraft:bell":3},"minecraft:killed_by":{"minecraft:creeper":3,"minecraft:drowned":1,"alexsmobs:crocodile":4,"minecraft:zombie":1,"minecraft:husk":1,"minecraft:player":1,"minecraft:enderman":1,"minecraft:skeleton":4,"cave_dweller:cave_dweller":1},"minecraft:mined":{"minecraft:white_bed":1,"minecraft:spruce_planks":94,"minecraft:spruce_trapdoor":3,"minecraft:granite":3,"minecraft:grass_block":102,"minecraft:composter":4,"minecraft:tall_seagrass":1,"minecraft:magma_block":3,"minecraft:iron_ore":134,"minecraft:fletching_table":10,"minecraft:anvil":1,"minecraft:dirt_path":3,"minecraft:green_carpet":1,"minecraft:kelp_plant":15,"minecraft:soul_lantern":6,"minecraft:torch":2,"minecraft:blast_furnace":3,"minecraft:chest":1,"minecraft:cobblestone":61,"minecraft:grindstone":3,"minecraft:sugar_cane":12,"minecraft:wall_torch":2,"minecraft:white_terracotta":2,"minecraft:repeater":13,"minecraft:wheat":29,"minecraft:grass":114,"minecraft:oak_log":44,"minecraft:sand":131,"minecraft:dirt":96,"minecraft:oak_leaves":5,"minecraft:deepslate":2,"minecraft:deepslate_diamond_ore":1,"minecraft:redstone_wire":8,"minecraft:spruce_leaves":53,"minecraft:kelp":7,"minecraft:sandstone":7,"minecraft:spore_blossom":1,"minecraft:spruce_sapling":17,"minecraft:furnace":6,"minecraft:carrots":39,"minecraft:andesite":3,"minecraft:stripped_spruce_log":1,"minecraft:bookshelf":3,"minecraft:potatoes":137,"minecraft:deepslate_iron_ore":8,"minecraft:stone":271,"minecraft:podzol":2,"minecraft:smithing_table":1,"minecraft:spruce_door":7,"minecraft:crafting_table":10,"minecraft:lectern":475,"minecraft:tall_grass":12,"minecraft:deepslate_coal_ore":3,"minecraft:diorite":3,"minecraft:spruce_log":3957,"minecraft:yellow_bed":12,"minecraft:coal_ore":205,"minecraft:gravel":184},"minecraft:crafted":{"minecraft:grindstone":1,"minecraft:smooth_stone":3,"minecraft:oak_planks":164,"minecraft:chainmail_helmet":2,"minecraft:cooked_chicken":3,"minecraft:stone":40,"minecraft:diamond_shovel":6,"minecraft:bookshelf":12,"minecraft:cooked_mutton":4,"minecraft:glass":142,"minecraft:diamond_helmet":2,"minecraft:diamond_leggings":2,"minecraft:iron_boots":29,"minecraft:chest":1,"minecraft:stone_hoe":1,"minecraft:oak_slab":42,"minecraft:emerald":1013,"minecraft:cooked_porkchop":4,"minecraft:diamond_axe":5,"minecraft:crafting_table":3,"minecraft:spruce_planks":15796,"minecraft:baked_potato":233,"minecraft:spruce_door":3,"minecraft:chainmail_chestplate":12,"minecraft:smithing_table":1,"minecraft:fletching_table":11,"minecraft:spruce_trapdoor":28,"minecraft:lectern":9,"minecraft:iron_chestplate":1,"minecraft:book":3,"minecraft:paper":9,"minecraft:diamond_pickaxe":2,"minecraft:shield":4,"minecraft:stick":30675,"minecraft:stone_slab":6,"minecraft:iron_ingot":103,"minecraft:iron_pickaxe":3,"minecraft:stone_sword":2,"minecraft:composter":5,"minecraft:stone_shovel":21,"minecraft:furnace":6,"minecraft:blast_furnace":1,"minecraft:bone_meal":6,"minecraft:oak_trapdoor":2,"minecraft:iron_axe":12,"minecraft:spruce_wood":192,"minecraft:spruce_slab":42,"minecraft:stone_pickaxe":1,"minecraft:diamond_boots":4,"minecraft:chainmail_leggings":2,"minecraft:cooked_beef":6,"minecraft:diamond_sword":1,"minecraft:dried_kelp":86,"minecraft:iron_sword":3,"minecraft:bell":3,"minecraft:bucket":2,"minecraft:stone_axe":1,"minecraft:enchanted_book":6,"minecraft:bread":76,"minecraft:air":0,"minecraft:chainmail_boots":22,"minecraft:white_bed":1,"minecraft:pumpkin_pie":48,"minecraft:torch":140,"minecraft:diamond_chestplate":1}},"DataVersion":3465}