{"stats":{"minecraft:crafted":{"minecraft:oak_planks":12,"minecraft:stone_shovel":1,"minecraft:cooked_chicken":3,"minecraft:furnace":3,"minecraft:cooked_mutton":1,"minecraft:iron_axe":1,"minecraft:cooked_beef":1,"minecraft:cooked_porkchop":3,"minecraft:crafting_table":1,"minecraft:spruce_planks":36,"minecraft:dried_kelp":86,"minecraft:spruce_door":3,"minecraft:bread":3,"minecraft:air":0,"minecraft:shield":2,"minecraft:stick":40,"minecraft:iron_pickaxe":1,"minecraft:iron_ingot":11,"minecraft:stone_sword":1,"minecraft:torch":132},"minecraft:used":{"minecraft:stone_sword":45,"minecraft:stone_shovel":3,"minecraft:dried_kelp":15,"minecraft:spruce_planks":1,"minecraft:shield":1,"minecraft:white_terracotta":1,"minecraft:iron_sword":26,"minecraft:cooked_chicken":3,"minecraft:torch":24,"minecraft:dirt":18,"minecraft:carrot":3,"minecraft:granite":1,"minecraft:iron_axe":25,"minecraft:magma_block":2,"minecraft:furnace":6,"minecraft:cooked_cod":2,"minecraft:cooked_beef":2,"minecraft:potato":53,"minecraft:wheat_seeds":13,"minecraft:cooked_mutton":5,"minecraft:spruce_door":6,"minecraft:stone_pickaxe":64,"minecraft:crafting_table":8,"minecraft:blast_furnace":1,"minecraft:bread":2,"minecraft:iron_pickaxe":109,"minecraft:gravel":1,"minecraft:cobblestone":62,"minecraft:cooked_porkchop":11,"alexsmobs:animal_dictionary":3,"minecraft:bone_meal":52},"minecraft:picked_up":{"minecraft:crafting_table":8,"minecraft:wheat":7,"minecraft:chicken":3,"minecraft:potion":1,"minecraft:shield":1,"minecraft:string":1,"minecraft:raw_copper":5,"minecraft:iron_axe":2,"minecraft:spruce_planks":30,"minecraft:beef":13,"minecraft:iron_nugget":4,"minecraft:iron_pickaxe":1,"minecraft:furnace":3,"minecraft:stick":5,"minecraft:raw_iron":24,"minecraft:sandstone":43,"minecraft:torch":46,"minecraft:bowl":1,"minecraft:note_block":4,"minecraft:porkchop":16,"minecraft:dried_kelp":36,"minecraft:carrot":52,"origins:orb_of_origin":2,"minecraft:rotten_flesh":9,"minecraft:stone_sword":1,"minecraft:arrow":2,"minecraft:stone_shovel":5,"minecraft:white_terracotta":1,"minecraft:brick_stairs":6,"minecraft:mutton":2,"minecraft:white_wool":1,"minecraft:cobblestone":379,"minecraft:magma_block":5,"minecraft:feather":2,"minecraft:repeater":11,"minecraft:andesite":10,"minecraft:leather":6,"minecraft:potato":72,"minecraft:filled_map":2,"minecraft:oak_log":3,"minecraft:dirt":103,"minecraft:lantern":1,"minecraft:cooked_mutton":4,"minecraft:bone":2,"minecraft:kelp":346,"minecraft:wheat_seeds":57,"minecraft:stone_pickaxe":13,"minecraft:iron_ingot":5,"minecraft:iron_sword":1,"minecraft:stone_hoe":1,"minecraft:pumpkin":17,"minecraft:poisonous_potato":1,"minecraft:gravel":6,"minecraft:sand":19,"minecraft:spruce_sapling":18,"minecraft:blast_furnace":1,"minecraft:spruce_log":105,"alexsmobs:animal_dictionary":3,"minecraft:spruce_door":10,"minecraft:spider_eye":4,"minecraft:stone_axe":1,"minecraft:granite":1,"minecraft:bone_meal":54,"minecraft:emerald":1,"alexsmobs:maggot":4,"minecraft:bricks":9,"minecraft:coal":112},"minecraft:dropped":{"minecraft:bread":1,"minecraft:wheat_seeds":4,"minecraft:diamond":2,"minecraft:cooked_porkchop":7,"minecraft:cobblestone":274,"minecraft:granite":1,"minecraft:stick":6,"minecraft:dirt":75,"origins:orb_of_origin":1,"minecraft:dried_kelp":88,"minecraft:bone_meal":2,"minecraft:iron_axe":1,"minecraft:iron_pickaxe":1,"minecraft:spruce_sapling":13,"minecraft:bone":2,"minecraft:stone_axe":1,"alexsmobs:maggot":4,"alexsmobs:animal_dictionary":2,"minecraft:stone_shovel":1,"minecraft:rotten_flesh":6,"minecraft:oak_planks":2,"minecraft:suspicious_stew":1,"minecraft:filled_map":2,"minecraft:shield":1,"minecraft:spruce_planks":1,"minecraft:spider_eye":4,"minecraft:spruce_log":80,"minecraft:stone_pickaxe":6,"minecraft:beef":2},"minecraft:killed_by":{"minecraft:player":1,"minecraft:creeper":1,"minecraft:zombie":1},"minecraft:custom":{"minecraft:mob_kills":30,"minecraft:interact_with_crafting_table":17,"minecraft:leave_game":2,"minecraft:time_since_death":8729,"minecraft:climb_one_cm":5553,"minecraft:sprint_one_cm":287189,"minecraft:walk_one_cm":482097,"minecraft:damage_blocked_by_shield":60,"minecraft:drop":79,"minecraft:play_time":177338,"minecraft:deaths":7,"minecraft:sneak_time":11582,"minecraft:walk_under_water_one_cm":138790,"minecraft:jump":2904,"minecraft:interact_with_blast_furnace":3,"minecraft:walk_on_water_one_cm":69162,"minecraft:total_world_time":177338,"minecraft:interact_with_furnace":54,"minecraft:sleep_in_bed":2,"minecraft:time_since_rest":7860,"minecraft:damage_taken":3543,"minecraft:damage_dealt":3754,"minecraft:swim_one_cm":190477,"minecraft:fly_one_cm":374189,"minecraft:player_kills":2,"minecraft:open_chest":62,"minecraft:crouch_one_cm":30175,"minecraft:aviate_one_cm":2178740,"minecraft:fall_one_cm":48909},"minecraft:killed":{"minecraft:spider":2,"minecraft:skeleton":1,"minecraft:chicken":3,"minecraft:pig":8,"minecraft:sheep":1,"minecraft:zombie":6,"minecraft:cow":8},"minecraft:mined":{"minecraft:spruce_planks":16,"minecraft:granite":1,"minecraft:grass_block":25,"minecraft:spruce_leaves":27,"minecraft:kelp":7,"minecraft:sandstone":7,"minecraft:magma_block":3,"minecraft:furnace":3,"minecraft:carrots":16,"minecraft:iron_ore":23,"minecraft:potatoes":28,"minecraft:deepslate_iron_ore":2,"minecraft:stone":226,"minecraft:kelp_plant":15,"minecraft:spruce_door":7,"minecraft:crafting_table":7,"minecraft:blast_furnace":1,"minecraft:tall_grass":3,"minecraft:cobblestone":32,"minecraft:deepslate_coal_ore":3,"minecraft:wall_torch":1,"minecraft:white_terracotta":2,"minecraft:wheat":29,"minecraft:spruce_log":6,"minecraft:grass":4,"minecraft:oak_log":2,"minecraft:coal_ore":88,"minecraft:gravel":4,"minecraft:sand":12,"minecraft:dirt":61}},"DataVersion":3465}