{"stats":{"minecraft:crafted":{"minecraft:oak_planks":12,"minecraft:stone_shovel":1,"minecraft:crafting_table":1,"minecraft:spruce_planks":36,"minecraft:dried_kelp":39,"minecraft:spruce_door":3,"minecraft:air":0,"minecraft:shield":2,"minecraft:iron_axe":1,"minecraft:stick":40,"minecraft:iron_pickaxe":1,"minecraft:torch":132},"minecraft:picked_up":{"minecraft:crafting_table":4,"minecraft:magma_block":3,"minecraft:andesite":10,"minecraft:filled_map":2,"minecraft:oak_log":3,"minecraft:dirt":88,"minecraft:string":1,"minecraft:raw_copper":5,"minecraft:cooked_mutton":3,"minecraft:kelp":109,"minecraft:wheat_seeds":18,"minecraft:spruce_planks":1,"minecraft:stone_pickaxe":12,"minecraft:iron_ingot":4,"minecraft:beef":4,"minecraft:iron_nugget":4,"minecraft:stone_hoe":1,"minecraft:stick":3,"minecraft:raw_iron":24,"minecraft:sandstone":43,"minecraft:pumpkin":17,"minecraft:torch":1,"minecraft:bowl":1,"minecraft:gravel":3,"minecraft:dried_kelp":36,"minecraft:sand":19,"minecraft:spruce_sapling":10,"minecraft:spruce_log":81,"origins:orb_of_origin":2,"minecraft:spruce_door":6,"minecraft:spider_eye":1,"alexsmobs:animal_dictionary":2,"minecraft:rotten_flesh":7,"minecraft:stone_shovel":2,"minecraft:stone_axe":1,"minecraft:granite":1,"minecraft:emerald":1,"minecraft:coal":91,"minecraft:cobblestone":276},"minecraft:used":{"minecraft:cooked_mutton":3,"minecraft:spruce_door":6,"minecraft:stone_shovel":3,"minecraft:stone_pickaxe":62,"minecraft:dried_kelp":5,"minecraft:iron_sword":11,"minecraft:torch":24,"minecraft:dirt":12,"minecraft:crafting_table":5,"minecraft:granite":1,"minecraft:iron_axe":6,"minecraft:iron_pickaxe":76,"minecraft:magma_block":2,"minecraft:cobblestone":57,"minecraft:cooked_cod":2,"minecraft:cooked_porkchop":5,"alexsmobs:animal_dictionary":1,"minecraft:cooked_beef":2},"minecraft:dropped":{"minecraft:stone_axe":1,"alexsmobs:animal_dictionary":2,"minecraft:diamond":2,"minecraft:cooked_porkchop":2,"minecraft:stone_shovel":1,"minecraft:cobblestone":274,"minecraft:rotten_flesh":4,"minecraft:oak_planks":2,"minecraft:granite":1,"minecraft:suspicious_stew":1,"minecraft:stick":5,"minecraft:filled_map":2,"minecraft:dirt":75,"origins:orb_of_origin":1,"minecraft:shield":1,"minecraft:spruce_planks":1,"minecraft:dried_kelp":70,"minecraft:spider_eye":1,"minecraft:spruce_log":80,"minecraft:stone_pickaxe":6,"minecraft:beef":2,"minecraft:spruce_sapling":7},"minecraft:killed_by":{"minecraft:zombie":1},"minecraft:custom":{"minecraft:interact_with_furnace":14,"minecraft:mob_kills":8,"minecraft:interact_with_crafting_table":11,"minecraft:leave_game":1,"minecraft:time_since_death":70228,"minecraft:sleep_in_bed":1,"minecraft:climb_one_cm":513,"minecraft:time_since_rest":70255,"minecraft:sprint_one_cm":121473,"minecraft:damage_taken":2195,"minecraft:walk_one_cm":266510,"minecraft:drop":55,"minecraft:damage_dealt":1414,"minecraft:player_kills":2,"minecraft:swim_one_cm":175270,"minecraft:fly_one_cm":187911,"minecraft:open_chest":35,"minecraft:crouch_one_cm":26139,"minecraft:play_time":112770,"minecraft:sneak_time":10384,"minecraft:deaths":4,"minecraft:walk_under_water_one_cm":106799,"minecraft:aviate_one_cm":896731,"minecraft:jump":1764,"minecraft:walk_on_water_one_cm":53457,"minecraft:total_world_time":112770,"minecraft:fall_one_cm":35332},"minecraft:killed":{"minecraft:zombie":5,"minecraft:cow":3},"minecraft:mined":{"minecraft:spruce_planks":1,"minecraft:kelp_plant":15,"minecraft:spruce_door":6,"minecraft:crafting_table":4,"minecraft:granite":1,"minecraft:grass_block":23,"minecraft:tall_grass":3,"minecraft:cobblestone":4,"minecraft:deepslate_coal_ore":3,"minecraft:spruce_leaves":15,"minecraft:kelp":7,"minecraft:sandstone":7,"minecraft:wall_torch":1,"minecraft:magma_block":3,"minecraft:iron_ore":23,"minecraft:spruce_log":6,"minecraft:grass":2,"minecraft:oak_log":2,"minecraft:coal_ore":88,"minecraft:deepslate_iron_ore":2,"minecraft:gravel":4,"minecraft:sand":12,"minecraft:dirt":57,"minecraft:stone":226}},"DataVersion":3465}