{"stats":{"minecraft:used":{"minecraft:cooked_mutton":3,"minecraft:stone_pickaxe":4,"minecraft:dirt":10,"minecraft:cobblestone":56,"minecraft:cooked_porkchop":1,"alexsmobs:animal_dictionary":1},"minecraft:picked_up":{"minecraft:stick":3,"minecraft:filled_map":1,"minecraft:spruce_sapling":10,"minecraft:spruce_log":26,"origins:orb_of_origin":2,"minecraft:string":1,"minecraft:spider_eye":1,"alexsmobs:animal_dictionary":2,"minecraft:dirt":85,"minecraft:cooked_mutton":3,"minecraft:stone_shovel":1,"minecraft:rotten_flesh":4,"minecraft:stone_axe":1,"minecraft:beef":2,"minecraft:stone_pickaxe":11,"minecraft:cobblestone":258},"minecraft:dropped":{"minecraft:filled_map":2,"minecraft:dirt":75,"minecraft:stone_axe":1,"origins:orb_of_origin":1,"alexsmobs:animal_dictionary":2,"minecraft:stone_shovel":1,"minecraft:cobblestone":274,"minecraft:rotten_flesh":2,"minecraft:spider_eye":1,"minecraft:spruce_log":20,"minecraft:stone_pickaxe":5,"minecraft:beef":2,"minecraft:spruce_sapling":7,"minecraft:stick":3},"minecraft:killed_by":{"minecraft:zombie":1},"minecraft:custom":{"minecraft:time_since_rest":22088,"minecraft:sprint_one_cm":61901,"minecraft:damage_taken":1516,"minecraft:walk_one_cm":196050,"minecraft:mob_kills":5,"minecraft:drop":31,"minecraft:damage_dealt":858,"minecraft:swim_one_cm":11581,"minecraft:player_kills":2,"minecraft:fly_one_cm":98624,"minecraft:open_chest":17,"minecraft:crouch_one_cm":21238,"minecraft:play_time":64603,"minecraft:deaths":4,"minecraft:sneak_time":4495,"minecraft:walk_under_water_one_cm":9693,"minecraft:aviate_one_cm":598771,"minecraft:jump":1281,"minecraft:walk_on_water_one_cm":16951,"minecraft:leave_game":1,"minecraft:time_since_death":22061,"minecraft:sleep_in_bed":1,"minecraft:total_world_time":64603,"minecraft:fall_one_cm":28966},"minecraft:killed":{"minecraft:zombie":3,"minecraft:cow":2},"minecraft:mined":{"minecraft:spruce_log":6,"minecraft:grass_block":22,"minecraft:dirt":55,"minecraft:cobblestone":4,"minecraft:spruce_leaves":15,"minecraft:stone":219}},"DataVersion":3465}