{"stats":{"minecraft:crafted":{"minecraft:oak_planks":8,"minecraft:stone_shovel":1,"minecraft:crafting_table":1,"minecraft:spruce_planks":16,"minecraft:stick":36,"minecraft:torch":132},"minecraft:picked_up":{"minecraft:crafting_table":3,"minecraft:andesite":10,"minecraft:filled_map":2,"minecraft:oak_log":2,"minecraft:dirt":88,"minecraft:string":1,"minecraft:raw_copper":5,"minecraft:cooked_mutton":3,"minecraft:wheat_seeds":18,"minecraft:spruce_planks":1,"minecraft:stone_pickaxe":12,"minecraft:beef":2,"minecraft:iron_ingot":4,"minecraft:iron_nugget":4,"minecraft:stone_hoe":1,"minecraft:stick":3,"minecraft:sandstone":43,"minecraft:pumpkin":17,"minecraft:bowl":1,"minecraft:gravel":3,"minecraft:sand":19,"minecraft:spruce_sapling":10,"minecraft:spruce_log":26,"origins:orb_of_origin":2,"minecraft:spider_eye":1,"alexsmobs:animal_dictionary":2,"minecraft:rotten_flesh":5,"minecraft:stone_shovel":2,"minecraft:stone_axe":1,"minecraft:granite":1,"minecraft:emerald":1,"minecraft:coal":48,"minecraft:cobblestone":271},"minecraft:used":{"minecraft:cooked_mutton":3,"minecraft:stone_shovel":3,"minecraft:stone_pickaxe":62,"minecraft:iron_sword":5,"minecraft:torch":14,"minecraft:dirt":12,"minecraft:crafting_table":3,"minecraft:granite":1,"minecraft:cobblestone":57,"minecraft:cooked_cod":2,"minecraft:cooked_porkchop":4,"alexsmobs:animal_dictionary":1,"minecraft:cooked_beef":2},"minecraft:dropped":{"minecraft:stone_axe":1,"alexsmobs:animal_dictionary":2,"minecraft:stone_shovel":1,"minecraft:cobblestone":274,"minecraft:rotten_flesh":2,"minecraft:oak_planks":2,"minecraft:granite":1,"minecraft:suspicious_stew":1,"minecraft:stick":5,"minecraft:filled_map":2,"minecraft:dirt":75,"origins:orb_of_origin":1,"minecraft:spruce_planks":1,"minecraft:spider_eye":1,"minecraft:spruce_log":20,"minecraft:beef":2,"minecraft:stone_pickaxe":5,"minecraft:spruce_sapling":7},"minecraft:killed_by":{"minecraft:zombie":1},"minecraft:custom":{"minecraft:interact_with_furnace":1,"minecraft:mob_kills":6,"minecraft:interact_with_crafting_table":5,"minecraft:leave_game":1,"minecraft:time_since_death":46061,"minecraft:sleep_in_bed":1,"minecraft:time_since_rest":46088,"minecraft:sprint_one_cm":90156,"minecraft:damage_taken":1965,"minecraft:walk_one_cm":234001,"minecraft:drop":37,"minecraft:damage_dealt":1114,"minecraft:swim_one_cm":47005,"minecraft:fly_one_cm":153398,"minecraft:player_kills":2,"minecraft:open_chest":25,"minecraft:crouch_one_cm":23389,"minecraft:play_time":88603,"minecraft:deaths":4,"minecraft:sneak_time":6595,"minecraft:walk_under_water_one_cm":44143,"minecraft:aviate_one_cm":760418,"minecraft:jump":1548,"minecraft:walk_on_water_one_cm":36812,"minecraft:total_world_time":88603,"minecraft:fall_one_cm":32125},"minecraft:killed":{"minecraft:zombie":4,"minecraft:cow":2},"minecraft:mined":{"minecraft:spruce_planks":1,"minecraft:crafting_table":3,"minecraft:granite":1,"minecraft:grass_block":23,"minecraft:tall_grass":3,"minecraft:cobblestone":4,"minecraft:spruce_leaves":15,"minecraft:sandstone":7,"minecraft:spruce_log":6,"minecraft:grass":2,"minecraft:coal_ore":48,"minecraft:oak_log":2,"minecraft:gravel":4,"minecraft:sand":12,"minecraft:dirt":57,"minecraft:stone":221}},"DataVersion":3465}