{"stats":{"minecraft:broken":{"minecraft:iron_shovel":4,"minecraft:stone_pickaxe":3,"minecraft:diamond_shovel":1,"minecraft:stone_axe":6,"minecraft:wooden_axe":1,"minecraft:stone_shovel":6,"minecraft:iron_axe":4},"minecraft:killed_by":{"minecraft:zombie_villager":1,"minecraft:piglin_brute":2,"minecraft:creeper":7,"minecraft:pillager":6,"minecraft:drowned":1,"minecraft:vindicator":1,"minecraft:zombie":4,"alexsmobs:grizzly_bear":2,"minecraft:husk":16,"minecraft:player":1,"minecraft:spider":1,"minecraft:skeleton":30},"minecraft:killed":{"minecraft:spider":3,"minecraft:skeleton":7,"minecraft:chicken":1,"minecraft:piglin_brute":1,"alexsmobs:kangaroo":1,"minecraft:piglin":1,"minecraft:pig":4,"minecraft:creeper":11,"minecraft:sheep":4,"minecraft:pillager":3,"minecraft:zombie":15,"alexsmobs:fly":4,"minecraft:cow":5,"minecraft:vindicator":1,"minecraft:drowned":1,"minecraft:husk":21},"minecraft:mined":{"minecraft:dark_oak_planks":8,"minecraft:spruce_planks":185,"minecraft:white_bed":20,"minecraft:red_nether_bricks":12,"minecraft:jungle_leaves":44,"minecraft:potted_blue_orchid":2,"minecraft:potted_crimson_fungus":1,"minecraft:cave_vines_plant":4,"minecraft:granite":1,"minecraft:grass_block":1876,"minecraft:acacia_log":17,"minecraft:jungle_log":110,"minecraft:coal_block":12,"minecraft:composter":1,"minecraft:oxeye_daisy":6,"minecraft:spawner":3,"mcwfurnitures:spruce_double_wardrobe":2,"minecraft:tall_seagrass":2,"minecraft:magma_block":2,"minecraft:dark_oak_trapdoor":9,"minecraft:red_nether_brick_stairs":6,"minecraft:iron_ore":23,"minecraft:sticky_piston":4,"minecraft:fire":35,"minecraft:cobbled_deepslate":18,"minecraft:pumpkin":18,"minecraft:azure_bluet":11,"minecraft:dark_oak_stairs":2,"minecraft:oak_stairs":2,"minecraft:iron_bars":3,"minecraft:black_candle":4,"minecraft:white_banner":1,"minecraft:stripped_mangrove_wood":7,"minecraft:player_head":7,"minecraft:piston_head":3,"mcwtrpdoors:spruce_glass_trapdoor":29,"minecraft:brown_mushroom":5,"minecraft:kelp_plant":1,"minecraft:clay":24,"minecraft:torch":30,"minecraft:melon":20,"minecraft:calcite":8,"minecraft:poppy":6,"minecraft:chest":5,"minecraft:mushroom_stem":36,"minecraft:glass":22,"minecraft:cobblestone":13,"minecraft:damaged_anvil":1,"minecraft:oak_planks":2,"minecraft:cyan_bed":9,"minecraft:sugar_cane":139,"minecraft:wall_torch":12,"minecraft:light_blue_banner":2,"minecraft:seagrass":2,"minecraft:red_candle":5,"minecraft:light_gray_stained_glass":2,"minecraft:wheat":120,"minecraft:lilac":1,"minecraft:black_bed":3,"minecraft:grass":56,"mcwlights:spruce_tiki_torch":1,"minecraft:oak_log":20,"minecraft:beetroots":1,"minecraft:dirt":1888,"minecraft:sand":364,"minecraft:crimson_planks":4,"mcwroofs:spruce_roof":15,"minecraft:dispenser":1,"minecraft:tripwire_hook":1,"minecraft:red_mushroom_block":26,"minecraft:netherrack":20,"minecraft:oak_leaves":42,"minecraft:potted_wither_rose":1,"minecraft:stripped_birch_log":2,"minecraft:purple_terracotta":3,"minecraft:allium":1,"minecraft:spruce_fence":24,"minecraft:stripped_jungle_wood":1,"minecraft:white_stained_glass":1,"minecraft:soul_campfire":1,"minecraft:mangrove_trapdoor":1,"minecraft:spruce_leaves":591,"minecraft:cartography_table":1,"mcwroofs:spruce_planks_roof":10,"minecraft:large_fern":30,"minecraft:hay_block":10,"minecraft:spore_blossom":5,"minecraft:waxed_oxidized_cut_copper":3,"minecraft:spruce_sapling":15,"minecraft:furnace":1,"minecraft:carrots":80,"minecraft:jungle_sapling":1,"minecraft:snow":54,"minecraft:andesite":20,"minecraft:acacia_stairs":1,"minecraft:stripped_spruce_log":3,"minecraft:polished_deepslate":1,"minecraft:bookshelf":9,"minecraft:potatoes":81,"minecraft:shroomlight":1,"minecraft:vine":21,"minecraft:bamboo_sapling":3,"minecraft:bamboo":36,"minecraft:stone":566,"minecraft:smithing_table":1,"minecraft:scaffolding":8,"minecraft:acacia_leaves":7,"minecraft:redstone_block":5,"minecraft:dandelion":58,"minecraft:crafting_table":4,"minecraft:cornflower":12,"minecraft:rose_bush":1,"minecraft:campfire":1,"minecraft:stone_slab":5,"minecraft:copper_ore":1,"minecraft:tall_grass":4,"minecraft:lily_pad":10,"minecraft:diorite":20,"minecraft:blue_bed":1,"minecraft:spruce_stairs":14,"minecraft:black_stained_glass":2,"minecraft:purple_bed":3,"minecraft:birch_planks":31,"minecraft:black_wall_banner":1,"minecraft:sweet_berry_bush":47,"minecraft:ice":3,"minecraft:spruce_log":1369,"minecraft:birch_leaves":3,"mcwroofs:spruce_attic_roof":28,"minecraft:yellow_bed":11,"minecraft:red_wall_banner":1,"minecraft:coal_ore":76,"minecraft:cocoa":24,"minecraft:flower_pot":1,"minecraft:gravel":7,"minecraft:spruce_fence_gate":2,"minecraft:stripped_acacia_wood":1,"minecraft:fern":22},"minecraft:custom":{"minecraft:animals_bred":48,"minecraft:interact_with_crafting_table":149,"minecraft:open_barrel":35,"minecraft:eat_cake_slice":7,"minecraft:leave_game":14,"minecraft:time_since_death":14340,"minecraft:sprint_one_cm":2111854,"minecraft:damage_blocked_by_shield":1110,"minecraft:drop":215,"minecraft:talked_to_villager":4,"minecraft:play_time":1214534,"minecraft:deaths":100,"minecraft:jump":7347,"minecraft:walk_on_water_one_cm":356552,"minecraft:interact_with_furnace":130,"minecraft:sleep_in_bed":41,"minecraft:damage_dealt":15411,"minecraft:player_kills":2,"minecraft:crouch_one_cm":235240,"minecraft:interact_with_smoker":4,"minecraft:inspect_dispenser":2,"minecraft:interact_with_smithing_table":3,"minecraft:interact_with_anvil":1,"minecraft:mob_kills":87,"minecraft:climb_one_cm":33520,"minecraft:walk_one_cm":4143049,"minecraft:sneak_time":67541,"minecraft:walk_under_water_one_cm":545044,"minecraft:interact_with_blast_furnace":4,"minecraft:total_world_time":1214534,"minecraft:tune_noteblock":1,"minecraft:time_since_rest":26,"minecraft:damage_taken":37807,"minecraft:swim_one_cm":22688,"minecraft:fly_one_cm":378039,"minecraft:open_chest":468,"minecraft:aviate_one_cm":23629595,"minecraft:fall_one_cm":194591},"minecraft:used":{"minecraft:light_blue_banner":2,"minecraft:iron_shovel":1364,"minecraft:ladder":12,"minecraft:poppy":2,"minecraft:shield":23,"minecraft:chest":15,"minecraft:spruce_leaves":9,"minecraft:rotten_flesh":4,"minecraft:iron_sword":77,"minecraft:bell":3,"minecraft:player_head":6,"minecraft:cocoa_beans":17,"minecraft:jungle_planks":4,"minecraft:carrot":166,"minecraft:acacia_sapling":2,"minecraft:snowball":2,"minecraft:azure_bluet":3,"minecraft:jungle_sapling":5,"minecraft:glass":342,"minecraft:lava_bucket":14,"minecraft:birch_sapling":1,"minecraft:blue_orchid":2,"mcwroofs:spruce_attic_roof":100,"minecraft:scaffolding":18,"minecraft:oak_sapling":1,"minecraft:sweet_berries":170,"minecraft:furnace":5,"minecraft:cooked_cod":4,"minecraft:skeleton_skull":2,"minecraft:egg":23,"minecraft:potato":82,"minecraft:seagrass":3,"minecraft:diorite":20,"minecraft:damaged_anvil":1,"minecraft:leather_leggings":6,"mcwlights:spruce_tiki_torch":4,"minecraft:spruce_door":1,"aquaculture:atlantic_herring":1,"minecraft:stone_pickaxe":542,"minecraft:leather_chestplate":4,"minecraft:wooden_pickaxe":18,"minecraft:sugar_cane":15,"minecraft:blue_bed":1,"minecraft:cookie":32,"minecraft:stripped_mangrove_wood":2,"minecraft:oak_leaves":1,"minecraft:dark_oak_trapdoor":2,"minecraft:sand":4,"minecraft:mushroom_stew":1,"minecraft:black_banner":1,"mcwfurnitures:spruce_modern_wardrobe":4,"minecraft:black_bed":3,"minecraft:note_block":1,"minecraft:shears":43,"minecraft:lightning_rod":1,"minecraft:firework_rocket":190,"minecraft:melon_slice":9,"minecraft:bread":31,"minecraft:cyan_bed":8,"mcwroofs:spruce_roof":105,"minecraft:spore_blossom":3,"minecraft:gravel":3,"minecraft:lilac":1,"minecraft:soul_lantern":1,"minecraft:diamond_sword":40,"minecraft:smithing_table":1,"minecraft:andesite":13,"minecraft:bone_meal":16,"minecraft:stone_sword":8,"minecraft:flint_and_steel":1,"minecraft:stone_shovel":870,"minecraft:dried_kelp":46,"minecraft:spruce_planks":507,"minecraft:stone_hoe":82,"minecraft:cooked_chicken":1,"minecraft:torch":125,"minecraft:dirt":3552,"mcwfurnitures:spruce_double_wardrobe":6,"minecraft:spruce_stairs":14,"minecraft:golden_chestplate":4,"mcwtrpdoors:spruce_glass_trapdoor":103,"minecraft:spruce_fence":52,"aquaculture:red_grouper":1,"minecraft:dark_oak_planks":1,"minecraft:wooden_axe":61,"alexsmobs:maggot":3,"minecraft:iron_axe":1585,"minecraft:jungle_log":6,"minecraft:red_candle":13,"minecraft:melon_seeds":4,"minecraft:bamboo":34,"minecraft:golden_carrot":6,"alexsmobs:banana":1,"minecraft:cooked_beef":22,"minecraft:cobbled_deepslate":144,"minecraft:pumpkin":1,"minecraft:calcite":7,"minecraft:wheat_seeds":151,"minecraft:cooked_mutton":4,"minecraft:water_bucket":65,"minecraft:red_nether_bricks":4,"minecraft:cartography_table":1,"minecraft:brown_mushroom":3,"minecraft:cauldron":1,"minecraft:spruce_fence_gate":4,"minecraft:salmon":1,"mcwroofs:spruce_planks_roof":14,"minecraft:vine":4,"minecraft:crafting_table":12,"minecraft:white_bed":16,"minecraft:spruce_log":850,"minecraft:cake":1,"minecraft:smoker":1,"minecraft:flower_pot":1,"minecraft:diamond_pickaxe":35,"minecraft:apple":2,"minecraft:diamond_shovel":1595,"minecraft:iron_pickaxe":351,"minecraft:spruce_sapling":205,"minecraft:stone_axe":1002,"minecraft:purple_bed":4,"minecraft:cobblestone":40,"minecraft:potion":1,"minecraft:white_banner":2,"minecraft:cooked_porkchop":9,"minecraft:bucket":83,"minecraft:yellow_bed":9,"alexsmobs:animal_dictionary":1,"minecraft:kelp":1,"minecraft:dandelion":3,"mcwdoors:spruce_beach_door":10},"minecraft:crafted":{"minecraft:oak_planks":40,"minecraft:cooked_chicken":1,"minecraft:lightning_rod":1,"mcwdoors:spruce_beach_door":4,"minecraft:stone":21,"minecraft:diamond_shovel":1,"minecraft:cooked_mutton":7,"mcwroofs:spruce_roof":98,"minecraft:glass":492,"minecraft:melon_seeds":8,"minecraft:chest":15,"mcwfurnitures:cabinet_door":3,"minecraft:stone_hoe":2,"minecraft:cooked_porkchop":14,"minecraft:crafting_table":9,"minecraft:spruce_planks":726,"minecraft:wooden_pickaxe":2,"minecraft:spruce_door":3,"minecraft:copper_ingot":7,"minecraft:pumpkin_seeds":8,"mcwroofs:spruce_planks_roof":4,"mcwtrpdoors:spruce_glass_trapdoor":74,"minecraft:paper":96,"minecraft:diamond_pickaxe":1,"minecraft:shield":1,"mcwfurnitures:spruce_double_wardrobe":4,"minecraft:stick":132,"minecraft:iron_ingot":88,"minecraft:iron_pickaxe":7,"minecraft:stone_sword":1,"minecraft:gold_ingot":4,"minecraft:spruce_fence_gate":2,"minecraft:shears":1,"minecraft:cookie":32,"minecraft:stone_shovel":7,"minecraft:iron_nugget":9,"mcwdoors:print_jungle":4,"minecraft:furnace":4,"minecraft:bone_meal":18,"minecraft:spruce_fence":39,"minecraft:rib_armor_trim_smithing_template":2,"minecraft:glass_pane":80,"minecraft:scaffolding":6,"minecraft:spruce_stairs":12,"minecraft:iron_axe":9,"minecraft:ladder":12,"minecraft:stone_pickaxe":10,"minecraft:cooked_beef":15,"minecraft:cooked_cod":2,"minecraft:dried_kelp":57,"minecraft:bucket":4,"minecraft:stone_axe":10,"minecraft:bread":6,"minecraft:air":0,"minecraft:jungle_planks":12,"mcwlights:spruce_tiki_torch":3,"minecraft:jungle_door":3,"mcwroofs:spruce_attic_roof":74,"minecraft:wooden_axe":2,"minecraft:iron_shovel":8,"minecraft:white_bed":2,"minecraft:acacia_planks":16,"minecraft:torch":36,"mcwfurnitures:spruce_modern_wardrobe":4,"minecraft:firework_rocket":336},"minecraft:dropped":{"minecraft:iron_sword":1,"minecraft:birch_planks":2,"minecraft:brown_mushroom":2,"minecraft:porkchop":2,"minecraft:stripped_mangrove_wood":2,"minecraft:cooked_beef":2,"minecraft:oak_log":4,"minecraft:glass_bottle":1,"minecraft:cooked_porkchop":4,"minecraft:leather":4,"minecraft:jungle_planks":1,"minecraft:cod":1,"minecraft:mutton":10,"minecraft:seagrass":1,"minecraft:snowball":1,"minecraft:pumpkin_pie":8,"minecraft:iron_pickaxe":3,"minecraft:dark_oak_planks":1,"minecraft:white_wool":9,"minecraft:crimson_fungus":1,"minecraft:stone_axe":2,"minecraft:sugar_cane":13,"minecraft:golden_chestplate":1,"minecraft:beetroot":2,"minecraft:rotten_flesh":56,"minecraft:oak_planks":184,"minecraft:cooked_mutton":4,"minecraft:white_bed":7,"minecraft:acacia_stairs":1,"minecraft:carrot":2,"minecraft:spruce_slab":1,"minecraft:arrow":130,"minecraft:oak_leaves":1,"minecraft:splash_potion":1,"minecraft:firework_rocket":8,"minecraft:water_bucket":3,"minecraft:bread":36,"minecraft:vine":4,"minecraft:wheat_seeds":3,"minecraft:smooth_quartz_stairs":1,"minecraft:poisonous_potato":1,"minecraft:iron_helmet":2,"minecraft:cobblestone":136,"minecraft:coal":65,"minecraft:stick":1,"origins:orb_of_origin":1,"minecraft:ink_sac":10,"minecraft:torch":21,"minecraft:rose_bush":2,"minecraft:iron_leggings":1,"minecraft:oak_stairs":2,"minecraft:iron_axe":2,"minecraft:iron_shovel":1,"minecraft:paper":2,"minecraft:bucket":2,"minecraft:acacia_planks":3,"minecraft:spruce_sapling":41,"minecraft:sweet_berries":3,"minecraft:player_head":2,"minecraft:bowl":1,"minecraft:stone_shovel":9,"minecraft:iron_boots":2,"minecraft:stone_slab":2,"minecraft:filled_map":3,"minecraft:potato":8,"minecraft:shield":1,"minecraft:flower_pot":2,"minecraft:spruce_planks":17,"minecraft:iron_chestplate":3,"minecraft:yellow_bed":1,"minecraft:waxed_oxidized_cut_copper":5,"minecraft:golden_sword":1,"minecraft:spider_eye":1,"minecraft:spruce_log":64,"minecraft:blue_orchid":1,"minecraft:stone_pickaxe":4,"minecraft:cyan_bed":1},"minecraft:picked_up":{"minecraft:seagrass":4,"minecraft:birch_door":7,"minecraft:iron_chestplate":3,"minecraft:wheat":129,"minecraft:redstone_block":8,"minecraft:chainmail_boots":4,"minecraft:flower_pot":12,"minecraft:prismarine_shard":5,"minecraft:smithing_table":2,"minecraft:stone_slab":2,"minecraft:diamond_sword":4,"minecraft:oak_stairs":4,"minecraft:wither_rose":2,"minecraft:potion":3,"mcwlights:spruce_tiki_torch":1,"minecraft:crimson_planks":4,"minecraft:polished_deepslate":1,"minecraft:string":12,"minecraft:dark_oak_trapdoor":13,"minecraft:soul_soil":1,"minecraft:raw_copper":2,"minecraft:red_nether_bricks":4,"minecraft:iron_leggings":1,"minecraft:beetroot_soup":1,"minecraft:red_candle":22,"minecraft:sticky_piston":12,"minecraft:beetroot":5,"alexsmobs:banana":3,"alexsmobs:blood_sac":1,"mcwdoors:spruce_beach_door":6,"minecraft:gold_nugget":8,"minecraft:cobbled_deepslate":18,"minecraft:bucket":3,"minecraft:spruce_planks":656,"minecraft:rose_bush":7,"minecraft:calcite":30,"minecraft:iron_pickaxe":31,"minecraft:melon_slice":91,"minecraft:coal_block":12,"minecraft:smooth_quartz_stairs":1,"minecraft:iron_boots":1,"minecraft:furnace":1,"minecraft:stick":581,"minecraft:composter":2,"minecraft:torch":432,"minecraft:acacia_log":16,"minecraft:spruce_stairs":14,"minecraft:porkchop":28,"minecraft:dried_kelp":126,"minecraft:diorite":40,"minecraft:vine":8,"minecraft:golden_chestplate":12,"minecraft:cauldron":2,"minecraft:stone_sword":4,"minecraft:rotten_flesh":146,"minecraft:obsidian":5,"minecraft:iron_bars":6,"minecraft:cod":5,"minecraft:snowball":72,"minecraft:cobblestone":1454,"minecraft:birch_log":7,"minecraft:magma_block":2,"minecraft:leather_chestplate":8,"minecraft:feather":2,"minecraft:lilac":2,"minecraft:cooked_beef":85,"minecraft:andesite":62,"aquaculture:tuna":1,"minecraft:water_bucket":5,"minecraft:jungle_log":112,"minecraft:black_bed":4,"minecraft:potato":356,"minecraft:flint":4,"minecraft:lapis_lazuli":13,"minecraft:dirt":4851,"minecraft:name_tag":4,"minecraft:leather_boots":2,"minecraft:glass":53,"minecraft:bone":42,"minecraft:wheat_seeds":344,"minecraft:bell":3,"minecraft:dark_oak_sign":8,"minecraft:bamboo":162,"mcwfurnitures:spruce_double_wardrobe":2,"minecraft:oak_planks":504,"minecraft:stone_hoe":2,"aquaculture:atlantic_herring":1,"minecraft:cooked_porkchop":19,"mcwroofs:spruce_planks_roof":14,"minecraft:stripped_acacia_wood":1,"minecraft:poisonous_potato":4,"minecraft:sand":496,"minecraft:jungle_planks":2,"minecraft:stripped_spruce_log":3,"minecraft:ink_sac":42,"minecraft:cyan_bed":9,"minecraft:acacia_stairs":1,"alexsmobs:animal_dictionary":1,"minecraft:spruce_fence_gate":2,"minecraft:dispenser":2,"minecraft:diamond":4,"minecraft:soul_lantern":1,"minecraft:granite":1,"mcwroofs:spruce_roof":15,"minecraft:bone_meal":1,"minecraft:chainmail_helmet":2,"minecraft:emerald":28,"minecraft:bread":196,"alexsmobs:maggot":6,"minecraft:oak_sapling":1,"minecraft:netherrack":20,"minecraft:oak_leaves":2,"minecraft:diamond_pickaxe":3,"minecraft:charcoal":2,"minecraft:spruce_leaves":28,"minecraft:waxed_oxidized_cut_copper":5,"minecraft:cocoa_beans":64,"minecraft:crafting_table":3,"minecraft:allium":1,"minecraft:azure_bluet":19,"minecraft:chicken":7,"minecraft:clay_ball":92,"minecraft:leather_leggings":8,"minecraft:redstone_lamp":7,"minecraft:brown_mushroom":6,"minecraft:wooden_pickaxe":2,"minecraft:shield":3,"minecraft:cornflower":20,"minecraft:iron_axe":24,"minecraft:flint_and_steel":2,"minecraft:item_frame":1,"minecraft:iron_shovel":10,"minecraft:blue_orchid":7,"minecraft:glass_pane":8,"minecraft:cartography_table":2,"minecraft:beef":94,"minecraft:oak_boat":1,"minecraft:player_head":22,"minecraft:jungle_sapling":9,"minecraft:poppy":12,"minecraft:light_gray_wool":3,"minecraft:spruce_slab":2,"minecraft:sugar_cane":249,"minecraft:chest":5,"minecraft:egg":50,"minecraft:raw_iron":25,"minecraft:stripped_mangrove_wood":7,"minecraft:bowl":1,"minecraft:note_block":3,"minecraft:spruce_fence":33,"mcwroofs:spruce_attic_roof":30,"minecraft:carrot":344,"origins:orb_of_origin":1,"minecraft:redstone":19,"minecraft:mangrove_trapdoor":1,"minecraft:purple_terracotta":2,"minecraft:dark_oak_planks":17,"minecraft:tnt":1,"minecraft:arrow":152,"minecraft:stone_shovel":22,"minecraft:beetroot_seeds":9,"minecraft:pumpkin_pie":3,"minecraft:shears":1,"minecraft:hay_block":10,"minecraft:gold_ingot":80,"minecraft:glistering_melon_slice":14,"minecraft:black_banner":1,"minecraft:mutton":33,"alexsmobs:kangaroo_meat":4,"minecraft:skeleton_skull":2,"minecraft:white_wool":56,"minecraft:oxeye_daisy":12,"minecraft:golden_carrot":2,"minecraft:tripwire_hook":1,"minecraft:salmon":1,"minecraft:leather":24,"minecraft:red_mushroom":21,"minecraft:birch_planks":91,"minecraft:filled_map":3,"minecraft:mushroom_stew":1,"minecraft:crimson_fungus":2,"minecraft:oak_log":132,"minecraft:chainmail_chestplate":2,"minecraft:lily_pad":11,"minecraft:yellow_bed":14,"minecraft:gunpowder":180,"minecraft:blue_bed":1,"minecraft:paper":45,"minecraft:white_banner":9,"minecraft:cooked_mutton":1,"minecraft:coast_armor_trim_smithing_template":3,"minecraft:light_blue_banner":2,"minecraft:apple":12,"minecraft:kelp":10,"minecraft:spore_blossom":10,"minecraft:spruce_wood":4,"minecraft:iron_ingot":51,"minecraft:stone_pickaxe":26,"mcwtrpdoors:spruce_glass_trapdoor":33,"minecraft:iron_sword":9,"minecraft:acacia_sapling":2,"minecraft:dark_oak_stairs":6,"minecraft:book":66,"minecraft:scaffolding":18,"minecraft:black_candle":21,"minecraft:pumpkin":21,"minecraft:sweet_berries":141,"minecraft:stone_brick_slab":1,"minecraft:dandelion":106,"aquaculture:piranha":2,"minecraft:gravel":4,"minecraft:lava_bucket":3,"aquaculture:red_grouper":1,"minecraft:spruce_sapling":475,"minecraft:red_banner":1,"minecraft:white_bed":21,"minecraft:spruce_log":1593,"minecraft:gold_ore":10,"minecraft:spider_eye":5,"minecraft:oak_wood":2,"minecraft:firework_rocket":434,"minecraft:diamond_shovel":9,"minecraft:purple_bed":4,"minecraft:stone_axe":12,"minecraft:chainmail_leggings":2,"minecraft:iron_helmet":3,"minecraft:stripped_jungle_wood":1,"minecraft:damaged_anvil":2,"minecraft:coal":226}},"DataVersion":3465}