{"stats":{"minecraft:crafted":{"minecraft:cooked_beef":2,"minecraft:oak_planks":4,"minecraft:stone_shovel":5,"minecraft:cooked_porkchop":9,"minecraft:crafting_table":2,"minecraft:spruce_planks":48,"minecraft:wooden_pickaxe":1,"minecraft:furnace":1,"minecraft:stone_axe":2,"minecraft:cooked_mutton":7,"minecraft:air":0,"minecraft:iron_axe":1,"minecraft:stick":44,"minecraft:iron_ingot":15,"minecraft:iron_pickaxe":2,"minecraft:stone_pickaxe":9,"minecraft:stone_sword":1,"minecraft:chest":2,"minecraft:iron_shovel":4,"minecraft:white_bed":1,"minecraft:torch":32},"minecraft:picked_up":{"minecraft:crafting_table":1,"minecraft:andesite":16,"minecraft:flint":1,"minecraft:oak_log":10,"minecraft:gunpowder":3,"minecraft:string":2,"minecraft:dirt":1474,"minecraft:iron_axe":1,"minecraft:raw_copper":2,"minecraft:cooked_mutton":1,"minecraft:iron_shovel":9,"minecraft:bone":6,"minecraft:wheat_seeds":1,"minecraft:beef":2,"minecraft:stone_pickaxe":2,"minecraft:iron_pickaxe":7,"minecraft:sugar_cane":18,"minecraft:furnace":1,"minecraft:stick":19,"minecraft:raw_iron":15,"minecraft:pumpkin":17,"minecraft:torch":20,"minecraft:gravel":1,"minecraft:porkchop":9,"minecraft:spruce_sapling":28,"origins:orb_of_origin":1,"minecraft:white_bed":3,"minecraft:spruce_log":125,"minecraft:spider_eye":2,"alexsmobs:animal_dictionary":1,"minecraft:stone_shovel":2,"minecraft:arrow":4,"minecraft:stone_sword":4,"minecraft:rotten_flesh":12,"minecraft:stone_axe":2,"minecraft:granite":1,"alexsmobs:maggot":4,"minecraft:mutton":7,"minecraft:coal":48,"minecraft:snowball":50,"minecraft:white_wool":4,"minecraft:cobblestone":589},"minecraft:used":{"minecraft:cooked_mutton":4,"minecraft:stone_sword":8,"minecraft:iron_shovel":715,"minecraft:stone_shovel":305,"minecraft:stone_pickaxe":226,"minecraft:wooden_pickaxe":11,"minecraft:chest":2,"minecraft:rotten_flesh":3,"minecraft:torch":41,"minecraft:dirt":1058,"minecraft:crafting_table":3,"minecraft:white_bed":4,"minecraft:snowball":2,"minecraft:iron_pickaxe":185,"minecraft:spruce_sapling":1,"minecraft:stone_axe":221,"minecraft:cobblestone":26,"minecraft:cooked_porkchop":2,"minecraft:furnace":2,"alexsmobs:animal_dictionary":1},"minecraft:dropped":{"minecraft:stone_shovel":1,"minecraft:cooked_mutton":4,"origins:orb_of_origin":1,"minecraft:stone_pickaxe":3},"minecraft:killed_by":{"minecraft:player":1,"minecraft:skeleton":7,"minecraft:creeper":4,"minecraft:zombie":3},"minecraft:custom":{"minecraft:interact_with_furnace":25,"minecraft:mob_kills":28,"minecraft:interact_with_crafting_table":26,"minecraft:leave_game":1,"minecraft:time_since_death":15594,"minecraft:sleep_in_bed":4,"minecraft:time_since_rest":15651,"minecraft:sprint_one_cm":198789,"minecraft:damage_taken":6543,"minecraft:walk_one_cm":425635,"minecraft:drop":9,"minecraft:damage_dealt":3626,"minecraft:fly_one_cm":55823,"minecraft:open_chest":43,"minecraft:crouch_one_cm":50298,"minecraft:play_time":117781,"minecraft:deaths":20,"minecraft:sneak_time":13570,"minecraft:walk_under_water_one_cm":6794,"minecraft:aviate_one_cm":611113,"minecraft:jump":863,"minecraft:walk_on_water_one_cm":11073,"minecraft:total_world_time":117781,"minecraft:fall_one_cm":33851},"minecraft:broken":{"minecraft:stone_pickaxe":1,"minecraft:iron_shovel":2,"minecraft:stone_axe":2,"minecraft:stone_shovel":2},"minecraft:killed":{"minecraft:pig":4,"minecraft:spider":1,"minecraft:creeper":5,"minecraft:skeleton":2,"minecraft:sheep":4,"minecraft:zombie":7,"alexsmobs:fly":3},"minecraft:mined":{"minecraft:white_bed":3,"minecraft:crafting_table":2,"minecraft:torch":7,"minecraft:granite":1,"minecraft:grass_block":560,"minecraft:tall_grass":1,"minecraft:copper_ore":1,"minecraft:spruce_leaves":54,"minecraft:sugar_cane":8,"minecraft:large_fern":18,"minecraft:seagrass":1,"minecraft:furnace":1,"minecraft:iron_ore":15,"minecraft:snow":40,"minecraft:spruce_log":113,"minecraft:andesite":16,"minecraft:pumpkin":17,"minecraft:grass":5,"minecraft:oak_log":10,"minecraft:coal_ore":48,"minecraft:gravel":3,"minecraft:dirt":575,"minecraft:stone":321,"minecraft:oak_leaves":4,"minecraft:fern":7}},"DataVersion":3465}