{"stats":{"minecraft:crafted":{"minecraft:oak_planks":24,"minecraft:stone_shovel":6,"minecraft:furnace":2,"minecraft:bone_meal":12,"minecraft:diamond_shovel":1,"minecraft:spruce_fence":39,"minecraft:cooked_mutton":7,"minecraft:iron_axe":1,"minecraft:stone_pickaxe":9,"minecraft:chest":8,"minecraft:stone_hoe":1,"minecraft:cooked_beef":3,"minecraft:cooked_cod":2,"minecraft:cooked_porkchop":9,"minecraft:crafting_table":3,"minecraft:spruce_planks":244,"minecraft:dried_kelp":57,"minecraft:wooden_pickaxe":1,"minecraft:spruce_door":3,"minecraft:bucket":1,"minecraft:pumpkin_seeds":8,"minecraft:stone_axe":3,"mcwroofs:spruce_planks_roof":4,"minecraft:bread":2,"minecraft:air":0,"minecraft:paper":3,"minecraft:stick":104,"minecraft:iron_ingot":17,"minecraft:iron_pickaxe":2,"minecraft:stone_sword":1,"minecraft:iron_shovel":4,"minecraft:white_bed":1,"minecraft:spruce_fence_gate":2,"minecraft:torch":32,"minecraft:firework_rocket":12},"minecraft:used":{"minecraft:stone_sword":8,"minecraft:iron_shovel":715,"minecraft:stone_shovel":735,"minecraft:dried_kelp":46,"minecraft:shield":19,"minecraft:spruce_planks":47,"minecraft:chest":8,"minecraft:stone_hoe":81,"minecraft:rotten_flesh":3,"minecraft:torch":55,"minecraft:dirt":3098,"minecraft:carrot":14,"minecraft:spruce_fence":19,"minecraft:snowball":2,"alexsmobs:maggot":3,"minecraft:iron_axe":73,"minecraft:furnace":3,"minecraft:cooked_cod":4,"minecraft:potato":15,"minecraft:cooked_beef":2,"minecraft:wheat_seeds":79,"minecraft:cooked_mutton":4,"minecraft:water_bucket":19,"minecraft:spruce_door":1,"minecraft:stone_pickaxe":491,"minecraft:wooden_pickaxe":11,"minecraft:spruce_fence_gate":2,"minecraft:sugar_cane":8,"mcwroofs:spruce_planks_roof":6,"minecraft:crafting_table":4,"minecraft:white_bed":4,"minecraft:firework_rocket":5,"minecraft:diamond_shovel":1546,"minecraft:bread":2,"minecraft:iron_pickaxe":185,"minecraft:spruce_sapling":27,"minecraft:gravel":3,"minecraft:stone_axe":221,"minecraft:cobblestone":32,"minecraft:cooked_porkchop":7,"minecraft:bucket":19,"minecraft:andesite":10,"alexsmobs:animal_dictionary":1,"minecraft:bone_meal":13},"minecraft:picked_up":{"minecraft:crafting_table":1,"minecraft:wheat":50,"minecraft:clay_ball":92,"minecraft:redstone_lamp":7,"minecraft:shield":3,"minecraft:string":5,"minecraft:iron_axe":2,"minecraft:raw_copper":2,"minecraft:iron_shovel":9,"minecraft:bucket":1,"minecraft:spruce_planks":25,"minecraft:beef":2,"minecraft:iron_pickaxe":7,"minecraft:sugar_cane":70,"minecraft:egg":1,"minecraft:furnace":1,"minecraft:raw_iron":19,"minecraft:stick":24,"minecraft:torch":39,"minecraft:note_block":3,"minecraft:spruce_fence":1,"minecraft:porkchop":9,"minecraft:dried_kelp":14,"origins:orb_of_origin":1,"minecraft:carrot":18,"minecraft:redstone":10,"minecraft:stone_sword":4,"minecraft:arrow":5,"minecraft:rotten_flesh":12,"minecraft:stone_shovel":4,"minecraft:mutton":7,"minecraft:cod":2,"minecraft:snowball":58,"minecraft:white_wool":4,"minecraft:cobblestone":910,"minecraft:cooked_beef":8,"minecraft:andesite":59,"minecraft:potato":38,"minecraft:flint":4,"minecraft:oak_log":10,"minecraft:lily_pad":1,"minecraft:gunpowder":5,"minecraft:dirt":3826,"minecraft:cooked_mutton":1,"minecraft:bone":10,"minecraft:wheat_seeds":151,"minecraft:stone_pickaxe":6,"minecraft:stone_hoe":2,"minecraft:oak_planks":3,"minecraft:cooked_porkchop":5,"minecraft:pumpkin":17,"mcwroofs:spruce_planks_roof":2,"minecraft:gravel":4,"minecraft:spruce_sapling":50,"minecraft:ink_sac":5,"minecraft:white_bed":3,"minecraft:spruce_log":172,"alexsmobs:animal_dictionary":1,"minecraft:spider_eye":2,"minecraft:firework_rocket":2,"minecraft:diamond_shovel":3,"minecraft:diamond":2,"minecraft:stone_axe":2,"minecraft:granite":1,"minecraft:bone_meal":1,"minecraft:bread":1,"alexsmobs:maggot":6,"minecraft:coal":68},"minecraft:dropped":{"minecraft:bread":1,"minecraft:wheat_seeds":2,"minecraft:oak_log":4,"origins:orb_of_origin":1,"minecraft:torch":21,"minecraft:bucket":2,"minecraft:stone_shovel":2,"minecraft:cooked_mutton":4,"minecraft:stone_pickaxe":3},"minecraft:killed_by":{"minecraft:player":1,"minecraft:creeper":4,"minecraft:skeleton":8,"minecraft:zombie":3},"minecraft:broken":{"minecraft:iron_shovel":2,"minecraft:stone_pickaxe":3,"minecraft:stone_axe":2,"minecraft:stone_shovel":5},"minecraft:custom":{"minecraft:mob_kills":37,"minecraft:animals_bred":7,"minecraft:interact_with_crafting_table":53,"minecraft:leave_game":1,"minecraft:time_since_death":83996,"minecraft:sprint_one_cm":654466,"minecraft:walk_one_cm":1210382,"minecraft:damage_blocked_by_shield":780,"minecraft:drop":40,"minecraft:play_time":313152,"minecraft:deaths":24,"minecraft:sneak_time":30195,"minecraft:walk_under_water_one_cm":108976,"minecraft:jump":1946,"minecraft:walk_on_water_one_cm":85072,"minecraft:total_world_time":313152,"minecraft:interact_with_furnace":46,"minecraft:sleep_in_bed":5,"minecraft:time_since_rest":49957,"minecraft:damage_taken":9056,"minecraft:damage_dealt":4945,"minecraft:swim_one_cm":3654,"minecraft:fly_one_cm":115575,"minecraft:open_chest":140,"minecraft:crouch_one_cm":123777,"minecraft:aviate_one_cm":1796656,"minecraft:fall_one_cm":57380},"minecraft:killed":{"minecraft:spider":2,"minecraft:skeleton":4,"minecraft:drowned":1,"minecraft:pig":4,"minecraft:creeper":9,"minecraft:sheep":4,"minecraft:zombie":7,"alexsmobs:fly":4},"minecraft:mined":{"minecraft:spruce_planks":25,"minecraft:white_bed":3,"minecraft:granite":1,"minecraft:spruce_fence":1,"minecraft:grass_block":1564,"minecraft:spruce_leaves":69,"mcwroofs:spruce_planks_roof":2,"minecraft:large_fern":28,"minecraft:furnace":1,"minecraft:carrots":5,"minecraft:iron_ore":17,"minecraft:snow":49,"minecraft:andesite":17,"minecraft:pumpkin":17,"minecraft:potatoes":11,"minecraft:stone":535,"minecraft:clay":24,"minecraft:crafting_table":2,"minecraft:torch":16,"minecraft:tall_grass":1,"minecraft:copper_ore":1,"minecraft:cobblestone":2,"minecraft:sugar_cane":38,"minecraft:oak_planks":2,"minecraft:seagrass":1,"minecraft:wheat":51,"minecraft:ice":3,"minecraft:spruce_log":145,"minecraft:birch_leaves":2,"minecraft:grass":11,"minecraft:oak_log":10,"minecraft:coal_ore":68,"minecraft:gravel":7,"minecraft:dirt":1528,"minecraft:oak_leaves":5,"minecraft:fern":12}},"DataVersion":3465}