{"stats":{"minecraft:crafted":{"minecraft:crafting_table":2,"minecraft:spruce_planks":28,"minecraft:wooden_pickaxe":1,"minecraft:furnace":1,"minecraft:stone_axe":1,"minecraft:cooked_mutton":7,"minecraft:air":0,"minecraft:stick":12,"minecraft:iron_ingot":5,"minecraft:iron_pickaxe":1,"minecraft:stone_pickaxe":1,"minecraft:stone_sword":1,"minecraft:chest":1,"minecraft:iron_shovel":2,"minecraft:white_bed":1},"minecraft:picked_up":{"minecraft:crafting_table":1,"minecraft:andesite":16,"minecraft:oak_log":10,"minecraft:gunpowder":1,"minecraft:dirt":380,"minecraft:raw_copper":2,"minecraft:cooked_mutton":1,"minecraft:sugar_cane":18,"minecraft:furnace":1,"minecraft:stick":2,"minecraft:raw_iron":5,"minecraft:pumpkin":17,"minecraft:porkchop":9,"minecraft:spruce_sapling":1,"minecraft:white_bed":3,"minecraft:spruce_log":7,"minecraft:granite":1,"minecraft:mutton":7,"minecraft:coal":38,"minecraft:snowball":28,"minecraft:white_wool":4,"minecraft:cobblestone":130},"minecraft:used":{"minecraft:cooked_mutton":2,"minecraft:stone_sword":1,"minecraft:iron_shovel":383,"minecraft:stone_pickaxe":131,"minecraft:chest":1,"minecraft:wooden_pickaxe":11,"minecraft:dirt":160,"minecraft:crafting_table":3,"minecraft:white_bed":4,"minecraft:iron_pickaxe":53,"minecraft:stone_axe":46,"minecraft:cobblestone":8,"minecraft:furnace":2,"alexsmobs:animal_dictionary":1},"minecraft:dropped":{"minecraft:cooked_mutton":4},"minecraft:custom":{"minecraft:interact_with_furnace":14,"minecraft:mob_kills":9,"minecraft:interact_with_crafting_table":11,"minecraft:time_since_death":35479,"minecraft:sleep_in_bed":3,"minecraft:time_since_rest":7798,"minecraft:sprint_one_cm":23922,"minecraft:damage_taken":160,"minecraft:walk_one_cm":113026,"minecraft:drop":4,"minecraft:damage_dealt":920,"minecraft:fly_one_cm":15005,"minecraft:open_chest":9,"minecraft:crouch_one_cm":6918,"minecraft:play_time":35479,"minecraft:sneak_time":1847,"minecraft:walk_under_water_one_cm":3039,"minecraft:aviate_one_cm":196596,"minecraft:jump":211,"minecraft:walk_on_water_one_cm":10255,"minecraft:total_world_time":35479,"minecraft:fall_one_cm":1991},"minecraft:broken":{"minecraft:stone_pickaxe":1,"minecraft:iron_shovel":1},"minecraft:killed":{"minecraft:pig":4,"minecraft:creeper":1,"minecraft:sheep":4},"minecraft:mined":{"minecraft:white_bed":3,"minecraft:crafting_table":2,"minecraft:granite":1,"minecraft:grass_block":99,"minecraft:copper_ore":1,"minecraft:tall_grass":1,"minecraft:spruce_leaves":4,"minecraft:sugar_cane":8,"minecraft:seagrass":1,"minecraft:furnace":1,"minecraft:iron_ore":5,"minecraft:snow":29,"minecraft:spruce_log":7,"minecraft:andesite":16,"minecraft:pumpkin":17,"minecraft:grass":5,"minecraft:coal_ore":38,"minecraft:oak_log":10,"minecraft:dirt":293,"minecraft:stone":129,"minecraft:oak_leaves":4}},"DataVersion":3465}