{"stats":{"minecraft:crafted":{"minecraft:cooked_beef":2,"minecraft:oak_planks":4,"minecraft:stone_shovel":5,"minecraft:cooked_porkchop":9,"minecraft:crafting_table":2,"minecraft:spruce_planks":48,"minecraft:wooden_pickaxe":1,"minecraft:furnace":1,"minecraft:bucket":1,"minecraft:stone_axe":2,"minecraft:cooked_mutton":7,"minecraft:air":0,"minecraft:paper":3,"minecraft:iron_axe":1,"minecraft:stick":44,"minecraft:iron_ingot":17,"minecraft:iron_pickaxe":2,"minecraft:stone_pickaxe":9,"minecraft:stone_sword":1,"minecraft:chest":2,"minecraft:iron_shovel":4,"minecraft:white_bed":1,"minecraft:torch":32,"minecraft:firework_rocket":9},"minecraft:picked_up":{"minecraft:crafting_table":1,"minecraft:andesite":16,"minecraft:flint":1,"minecraft:lily_pad":1,"minecraft:oak_log":10,"minecraft:gunpowder":5,"minecraft:string":4,"minecraft:dirt":1755,"minecraft:iron_axe":1,"minecraft:raw_copper":2,"minecraft:cooked_mutton":1,"minecraft:iron_shovel":9,"minecraft:bone":6,"minecraft:wheat_seeds":7,"minecraft:beef":2,"minecraft:stone_pickaxe":4,"minecraft:iron_pickaxe":7,"minecraft:sugar_cane":18,"minecraft:furnace":1,"minecraft:stick":19,"minecraft:raw_iron":19,"minecraft:pumpkin":17,"minecraft:torch":21,"minecraft:gravel":1,"minecraft:porkchop":9,"minecraft:spruce_sapling":28,"origins:orb_of_origin":1,"minecraft:white_bed":3,"minecraft:spruce_log":138,"minecraft:spider_eye":2,"alexsmobs:animal_dictionary":1,"minecraft:stone_shovel":4,"minecraft:arrow":4,"minecraft:stone_sword":4,"minecraft:rotten_flesh":12,"minecraft:stone_axe":2,"minecraft:granite":1,"alexsmobs:maggot":4,"minecraft:mutton":7,"minecraft:coal":48,"minecraft:snowball":53,"minecraft:white_wool":4,"minecraft:cobblestone":656},"minecraft:used":{"minecraft:cooked_mutton":4,"minecraft:water_bucket":5,"minecraft:stone_sword":8,"minecraft:iron_shovel":715,"minecraft:stone_shovel":570,"minecraft:stone_pickaxe":284,"minecraft:wooden_pickaxe":11,"minecraft:chest":2,"minecraft:sugar_cane":2,"minecraft:rotten_flesh":3,"minecraft:torch":42,"minecraft:dirt":1306,"minecraft:crafting_table":3,"minecraft:white_bed":4,"minecraft:snowball":2,"alexsmobs:maggot":3,"minecraft:firework_rocket":1,"minecraft:iron_pickaxe":185,"minecraft:spruce_sapling":1,"minecraft:stone_axe":221,"minecraft:cobblestone":27,"minecraft:cooked_porkchop":2,"minecraft:furnace":2,"minecraft:bucket":6,"alexsmobs:animal_dictionary":1},"minecraft:dropped":{"minecraft:stone_shovel":1,"minecraft:cooked_mutton":4,"origins:orb_of_origin":1,"minecraft:stone_pickaxe":3},"minecraft:killed_by":{"minecraft:player":1,"minecraft:skeleton":7,"minecraft:creeper":4,"minecraft:zombie":3},"minecraft:custom":{"minecraft:interact_with_furnace":29,"minecraft:mob_kills":32,"minecraft:interact_with_crafting_table":28,"minecraft:leave_game":1,"minecraft:time_since_death":7584,"minecraft:sleep_in_bed":4,"minecraft:time_since_rest":7617,"minecraft:sprint_one_cm":256191,"minecraft:damage_taken":6831,"minecraft:walk_one_cm":520196,"minecraft:drop":9,"minecraft:damage_dealt":4194,"minecraft:fly_one_cm":67934,"minecraft:open_chest":52,"minecraft:crouch_one_cm":66710,"minecraft:play_time":141781,"minecraft:deaths":21,"minecraft:sneak_time":18399,"minecraft:walk_under_water_one_cm":11446,"minecraft:aviate_one_cm":738771,"minecraft:jump":1049,"minecraft:walk_on_water_one_cm":16397,"minecraft:total_world_time":141781,"minecraft:fall_one_cm":39520},"minecraft:broken":{"minecraft:stone_pickaxe":2,"minecraft:iron_shovel":2,"minecraft:stone_axe":2,"minecraft:stone_shovel":4},"minecraft:killed":{"minecraft:pig":4,"minecraft:spider":2,"minecraft:creeper":8,"minecraft:skeleton":2,"minecraft:sheep":4,"minecraft:zombie":7,"alexsmobs:fly":3},"minecraft:mined":{"minecraft:white_bed":3,"minecraft:crafting_table":2,"minecraft:torch":8,"minecraft:granite":1,"minecraft:grass_block":761,"minecraft:tall_grass":1,"minecraft:copper_ore":1,"minecraft:spruce_leaves":54,"minecraft:sugar_cane":8,"minecraft:large_fern":28,"minecraft:seagrass":1,"minecraft:furnace":1,"minecraft:iron_ore":17,"minecraft:snow":42,"minecraft:spruce_log":113,"minecraft:andesite":16,"minecraft:pumpkin":17,"minecraft:grass":6,"minecraft:oak_log":10,"minecraft:coal_ore":48,"minecraft:gravel":3,"minecraft:dirt":644,"minecraft:stone":353,"minecraft:oak_leaves":4,"minecraft:fern":12}},"DataVersion":3465}