{"stats":{"minecraft:crafted":{"minecraft:cooked_beef":3,"minecraft:cooked_cod":2,"minecraft:oak_planks":24,"minecraft:stone_shovel":6,"minecraft:cooked_porkchop":9,"minecraft:crafting_table":2,"minecraft:spruce_planks":72,"minecraft:dried_kelp":57,"minecraft:wooden_pickaxe":1,"minecraft:spruce_door":3,"minecraft:furnace":2,"minecraft:bone_meal":6,"minecraft:bucket":1,"minecraft:diamond_shovel":1,"minecraft:stone_axe":3,"minecraft:cooked_mutton":7,"minecraft:air":0,"minecraft:paper":3,"minecraft:iron_axe":1,"minecraft:stick":60,"minecraft:iron_ingot":17,"minecraft:iron_pickaxe":2,"minecraft:stone_pickaxe":9,"minecraft:stone_sword":1,"minecraft:chest":5,"minecraft:iron_shovel":4,"minecraft:white_bed":1,"minecraft:torch":32,"minecraft:stone_hoe":1,"minecraft:firework_rocket":12},"minecraft:picked_up":{"minecraft:crafting_table":1,"minecraft:wheat":6,"minecraft:andesite":16,"minecraft:flint":2,"minecraft:oak_log":10,"minecraft:lily_pad":1,"minecraft:shield":1,"minecraft:gunpowder":5,"minecraft:dirt":2776,"minecraft:string":4,"minecraft:raw_copper":2,"minecraft:iron_axe":1,"minecraft:cooked_mutton":1,"minecraft:iron_shovel":9,"minecraft:bone":8,"minecraft:wheat_seeds":21,"minecraft:bucket":1,"minecraft:beef":2,"minecraft:stone_pickaxe":5,"minecraft:iron_pickaxe":7,"minecraft:sugar_cane":32,"minecraft:stone_hoe":1,"minecraft:furnace":1,"minecraft:stick":19,"minecraft:raw_iron":19,"minecraft:pumpkin":17,"minecraft:torch":22,"minecraft:gravel":3,"minecraft:porkchop":9,"minecraft:spruce_sapling":38,"minecraft:white_bed":3,"minecraft:spruce_log":138,"origins:orb_of_origin":1,"minecraft:spider_eye":2,"alexsmobs:animal_dictionary":1,"minecraft:diamond_shovel":1,"minecraft:stone_sword":4,"minecraft:stone_shovel":4,"minecraft:arrow":4,"minecraft:rotten_flesh":12,"minecraft:diamond":2,"minecraft:stone_axe":2,"minecraft:granite":1,"alexsmobs:maggot":4,"minecraft:mutton":7,"minecraft:cod":2,"minecraft:coal":48,"minecraft:snowball":58,"minecraft:white_wool":4,"minecraft:cobblestone":809},"minecraft:used":{"minecraft:wheat_seeds":35,"minecraft:cooked_mutton":4,"minecraft:water_bucket":19,"minecraft:stone_sword":8,"minecraft:iron_shovel":715,"minecraft:spruce_door":1,"minecraft:stone_pickaxe":436,"minecraft:stone_shovel":735,"minecraft:dried_kelp":35,"minecraft:chest":5,"minecraft:wooden_pickaxe":11,"minecraft:sugar_cane":8,"minecraft:rotten_flesh":3,"minecraft:stone_hoe":81,"minecraft:torch":42,"minecraft:dirt":1823,"minecraft:crafting_table":3,"minecraft:white_bed":4,"minecraft:snowball":2,"alexsmobs:maggot":3,"minecraft:firework_rocket":4,"minecraft:diamond_shovel":753,"minecraft:iron_pickaxe":185,"minecraft:gravel":2,"minecraft:spruce_sapling":22,"minecraft:stone_axe":221,"minecraft:cobblestone":32,"minecraft:cooked_cod":4,"minecraft:furnace":3,"minecraft:cooked_porkchop":2,"minecraft:andesite":1,"minecraft:bucket":19,"alexsmobs:animal_dictionary":1,"minecraft:cooked_beef":1,"minecraft:bone_meal":6},"minecraft:dropped":{"minecraft:oak_log":4,"minecraft:stone_shovel":2,"minecraft:cooked_mutton":4,"origins:orb_of_origin":1,"minecraft:stone_pickaxe":3,"minecraft:bucket":2},"minecraft:killed_by":{"minecraft:player":1,"minecraft:skeleton":7,"minecraft:creeper":4,"minecraft:zombie":3},"minecraft:custom":{"minecraft:interact_with_furnace":42,"minecraft:mob_kills":32,"minecraft:interact_with_crafting_table":42,"minecraft:leave_game":1,"minecraft:time_since_death":37358,"minecraft:sleep_in_bed":4,"minecraft:time_since_rest":37417,"minecraft:sprint_one_cm":425985,"minecraft:damage_taken":7418,"minecraft:walk_one_cm":838099,"minecraft:drop":16,"minecraft:damage_dealt":4194,"minecraft:fly_one_cm":89881,"minecraft:open_chest":105,"minecraft:play_time":211152,"minecraft:crouch_one_cm":83864,"minecraft:sneak_time":22349,"minecraft:deaths":22,"minecraft:walk_under_water_one_cm":37968,"minecraft:aviate_one_cm":1149963,"minecraft:jump":1438,"minecraft:walk_on_water_one_cm":57098,"minecraft:total_world_time":211152,"minecraft:fall_one_cm":46135},"minecraft:broken":{"minecraft:stone_pickaxe":3,"minecraft:iron_shovel":2,"minecraft:stone_axe":2,"minecraft:stone_shovel":5},"minecraft:killed":{"minecraft:pig":4,"minecraft:spider":2,"minecraft:creeper":8,"minecraft:skeleton":2,"minecraft:sheep":4,"minecraft:zombie":7,"alexsmobs:fly":3},"minecraft:mined":{"minecraft:white_bed":3,"minecraft:crafting_table":2,"minecraft:torch":8,"minecraft:granite":1,"minecraft:grass_block":1234,"minecraft:cobblestone":2,"minecraft:copper_ore":1,"minecraft:tall_grass":1,"minecraft:spruce_leaves":57,"minecraft:sugar_cane":22,"minecraft:large_fern":28,"minecraft:seagrass":1,"minecraft:furnace":1,"minecraft:iron_ore":17,"minecraft:wheat":6,"minecraft:snow":49,"minecraft:spruce_log":113,"minecraft:birch_leaves":2,"minecraft:andesite":16,"minecraft:pumpkin":17,"minecraft:grass":8,"minecraft:coal_ore":48,"minecraft:oak_log":10,"minecraft:gravel":6,"minecraft:dirt":1100,"minecraft:stone":503,"minecraft:oak_leaves":4,"minecraft:fern":12}},"DataVersion":3465}