{"stats":{"minecraft:crafted":{"minecraft:oak_planks":24,"minecraft:stone_shovel":7,"minecraft:furnace":2,"minecraft:bone_meal":12,"minecraft:diamond_shovel":1,"minecraft:spruce_fence":39,"minecraft:cooked_mutton":7,"minecraft:iron_axe":1,"minecraft:stone_pickaxe":9,"minecraft:chest":8,"minecraft:stone_hoe":2,"minecraft:cooked_beef":3,"minecraft:cooked_cod":2,"minecraft:cooked_porkchop":9,"minecraft:crafting_table":3,"minecraft:spruce_planks":328,"minecraft:dried_kelp":57,"minecraft:wooden_pickaxe":1,"minecraft:spruce_door":3,"minecraft:bucket":1,"minecraft:pumpkin_seeds":8,"minecraft:stone_axe":7,"mcwroofs:spruce_planks_roof":4,"minecraft:bread":2,"minecraft:air":0,"minecraft:paper":3,"minecraft:stick":104,"minecraft:iron_ingot":17,"minecraft:iron_pickaxe":2,"minecraft:stone_sword":1,"minecraft:iron_shovel":4,"minecraft:white_bed":1,"minecraft:spruce_fence_gate":2,"minecraft:torch":32,"minecraft:firework_rocket":12},"minecraft:used":{"minecraft:stone_sword":8,"minecraft:iron_shovel":715,"minecraft:stone_shovel":765,"minecraft:dried_kelp":46,"minecraft:chest":8,"minecraft:spruce_planks":268,"minecraft:shield":19,"minecraft:rotten_flesh":3,"minecraft:stone_hoe":81,"minecraft:torch":60,"minecraft:dirt":3214,"minecraft:carrot":24,"minecraft:spruce_fence":19,"minecraft:snowball":2,"alexsmobs:maggot":3,"minecraft:iron_axe":215,"minecraft:furnace":3,"minecraft:cooked_cod":4,"minecraft:cooked_beef":5,"minecraft:potato":38,"minecraft:wheat_seeds":97,"minecraft:cooked_mutton":4,"minecraft:water_bucket":19,"minecraft:spruce_door":1,"minecraft:stone_pickaxe":503,"minecraft:wooden_pickaxe":11,"minecraft:spruce_fence_gate":2,"minecraft:sugar_cane":8,"mcwroofs:spruce_planks_roof":14,"minecraft:crafting_table":5,"minecraft:white_bed":4,"minecraft:spruce_log":300,"minecraft:firework_rocket":5,"minecraft:diamond_shovel":1576,"minecraft:bread":2,"minecraft:iron_pickaxe":185,"minecraft:spruce_sapling":82,"minecraft:gravel":3,"minecraft:stone_axe":489,"minecraft:cobblestone":32,"minecraft:cooked_porkchop":7,"minecraft:andesite":11,"minecraft:bucket":19,"alexsmobs:animal_dictionary":1,"minecraft:bone_meal":13},"minecraft:picked_up":{"minecraft:crafting_table":2,"minecraft:wheat":66,"minecraft:clay_ball":92,"minecraft:redstone_lamp":7,"minecraft:shield":3,"minecraft:string":7,"minecraft:raw_copper":2,"minecraft:iron_axe":4,"minecraft:iron_shovel":9,"minecraft:bucket":1,"minecraft:spruce_planks":443,"minecraft:beef":2,"minecraft:iron_pickaxe":7,"minecraft:sugar_cane":122,"minecraft:furnace":1,"minecraft:egg":14,"minecraft:stick":243,"minecraft:raw_iron":19,"minecraft:torch":271,"minecraft:spruce_fence":1,"minecraft:note_block":3,"minecraft:porkchop":9,"minecraft:dried_kelp":94,"origins:orb_of_origin":1,"minecraft:carrot":58,"minecraft:redstone":10,"minecraft:rotten_flesh":13,"minecraft:stone_sword":4,"minecraft:arrow":5,"minecraft:stone_shovel":7,"minecraft:mutton":7,"minecraft:cod":2,"minecraft:snowball":58,"minecraft:white_wool":4,"minecraft:cobblestone":923,"minecraft:cooked_beef":38,"minecraft:andesite":60,"minecraft:potato":122,"minecraft:flint":4,"minecraft:oak_log":10,"minecraft:lily_pad":1,"minecraft:gunpowder":5,"minecraft:paper":24,"minecraft:dirt":4011,"minecraft:cooked_mutton":1,"minecraft:bone":10,"minecraft:wheat_seeds":202,"minecraft:stone_pickaxe":11,"minecraft:stone_hoe":2,"minecraft:oak_planks":3,"minecraft:cooked_porkchop":5,"minecraft:pumpkin":17,"mcwroofs:spruce_planks_roof":14,"minecraft:gravel":4,"minecraft:stripped_spruce_log":1,"minecraft:spruce_sapling":185,"minecraft:ink_sac":15,"minecraft:white_bed":3,"minecraft:spruce_log":603,"alexsmobs:animal_dictionary":1,"minecraft:spider_eye":2,"minecraft:firework_rocket":2,"minecraft:diamond_shovel":4,"minecraft:diamond":2,"minecraft:stone_axe":8,"minecraft:granite":1,"minecraft:bone_meal":1,"minecraft:bread":1,"alexsmobs:maggot":6,"minecraft:coal":68},"minecraft:dropped":{"minecraft:bread":1,"minecraft:wheat_seeds":2,"minecraft:oak_log":4,"origins:orb_of_origin":1,"minecraft:torch":21,"minecraft:bucket":2,"minecraft:stone_shovel":2,"minecraft:cooked_mutton":4,"minecraft:stone_pickaxe":3},"minecraft:killed_by":{"minecraft:player":1,"minecraft:creeper":4,"minecraft:skeleton":8,"minecraft:zombie":3},"minecraft:broken":{"minecraft:iron_shovel":2,"minecraft:stone_pickaxe":3,"minecraft:diamond_shovel":1,"minecraft:iron_axe":1,"minecraft:stone_axe":3,"minecraft:stone_shovel":5},"minecraft:custom":{"minecraft:mob_kills":38,"minecraft:animals_bred":11,"minecraft:interact_with_crafting_table":56,"minecraft:leave_game":1,"minecraft:time_since_death":10728,"minecraft:sprint_one_cm":812828,"minecraft:walk_one_cm":1574504,"minecraft:damage_blocked_by_shield":780,"minecraft:drop":40,"minecraft:play_time":389553,"minecraft:deaths":29,"minecraft:sneak_time":38698,"minecraft:walk_under_water_one_cm":109055,"minecraft:jump":2540,"minecraft:interact_with_blast_furnace":1,"minecraft:walk_on_water_one_cm":85163,"minecraft:total_world_time":389553,"minecraft:interact_with_furnace":50,"minecraft:sleep_in_bed":10,"minecraft:time_since_rest":10250,"minecraft:damage_taken":10598,"minecraft:damage_dealt":4965,"minecraft:swim_one_cm":3654,"minecraft:fly_one_cm":126442,"minecraft:open_chest":153,"minecraft:crouch_one_cm":144688,"minecraft:aviate_one_cm":1880586,"minecraft:fall_one_cm":75407},"minecraft:killed":{"minecraft:spider":2,"minecraft:skeleton":4,"minecraft:drowned":1,"minecraft:pig":4,"minecraft:creeper":9,"minecraft:sheep":4,"minecraft:zombie":8,"alexsmobs:fly":4},"minecraft:mined":{"minecraft:spruce_planks":84,"minecraft:white_bed":3,"minecraft:granite":1,"minecraft:grass_block":1574,"minecraft:spruce_fence":1,"minecraft:spruce_leaves":147,"mcwroofs:spruce_planks_roof":10,"minecraft:large_fern":28,"minecraft:spruce_sapling":7,"minecraft:furnace":1,"minecraft:carrots":15,"minecraft:iron_ore":17,"minecraft:snow":49,"minecraft:andesite":18,"minecraft:stripped_spruce_log":1,"minecraft:pumpkin":17,"minecraft:potatoes":33,"minecraft:stone":545,"minecraft:clay":24,"minecraft:crafting_table":3,"minecraft:torch":18,"minecraft:tall_grass":1,"minecraft:copper_ore":1,"minecraft:cobblestone":2,"minecraft:sugar_cane":61,"minecraft:oak_planks":2,"minecraft:seagrass":1,"minecraft:wheat":69,"minecraft:ice":3,"minecraft:spruce_log":421,"minecraft:birch_leaves":2,"minecraft:grass":11,"minecraft:oak_log":10,"minecraft:coal_ore":68,"minecraft:gravel":7,"minecraft:dirt":1640,"minecraft:oak_leaves":5,"minecraft:fern":12}},"DataVersion":3465}