{"stats":{"minecraft:crafted":{"minecraft:cooked_beef":2,"minecraft:oak_planks":4,"minecraft:cooked_porkchop":9,"minecraft:crafting_table":2,"minecraft:spruce_planks":44,"minecraft:wooden_pickaxe":1,"minecraft:furnace":1,"minecraft:stone_axe":2,"minecraft:cooked_mutton":7,"minecraft:air":0,"minecraft:iron_axe":1,"minecraft:stick":36,"minecraft:iron_ingot":15,"minecraft:iron_pickaxe":2,"minecraft:stone_pickaxe":1,"minecraft:stone_sword":1,"minecraft:chest":2,"minecraft:iron_shovel":4,"minecraft:white_bed":1,"minecraft:torch":32},"minecraft:picked_up":{"minecraft:crafting_table":1,"minecraft:andesite":16,"minecraft:flint":1,"minecraft:oak_log":10,"minecraft:gunpowder":3,"minecraft:string":1,"minecraft:dirt":1122,"minecraft:iron_axe":1,"minecraft:raw_copper":2,"minecraft:cooked_mutton":1,"minecraft:iron_shovel":9,"minecraft:bone":6,"minecraft:wheat_seeds":1,"minecraft:beef":2,"minecraft:iron_pickaxe":7,"minecraft:sugar_cane":18,"minecraft:furnace":1,"minecraft:stick":3,"minecraft:raw_iron":15,"minecraft:pumpkin":17,"minecraft:torch":10,"minecraft:gravel":1,"minecraft:porkchop":9,"minecraft:spruce_sapling":6,"origins:orb_of_origin":1,"minecraft:white_bed":3,"minecraft:spruce_log":79,"alexsmobs:animal_dictionary":1,"minecraft:arrow":4,"minecraft:stone_sword":4,"minecraft:rotten_flesh":12,"minecraft:stone_axe":1,"minecraft:granite":1,"alexsmobs:maggot":2,"minecraft:mutton":7,"minecraft:coal":48,"minecraft:snowball":43,"minecraft:white_wool":4,"minecraft:cobblestone":377},"minecraft:used":{"minecraft:cooked_mutton":4,"minecraft:stone_sword":8,"minecraft:iron_shovel":715,"minecraft:stone_pickaxe":131,"minecraft:wooden_pickaxe":11,"minecraft:chest":2,"minecraft:rotten_flesh":3,"minecraft:torch":31,"minecraft:dirt":752,"minecraft:crafting_table":3,"minecraft:white_bed":4,"minecraft:snowball":1,"minecraft:iron_pickaxe":185,"minecraft:spruce_sapling":1,"minecraft:stone_axe":138,"minecraft:cobblestone":8,"minecraft:cooked_porkchop":2,"minecraft:furnace":2,"alexsmobs:animal_dictionary":1},"minecraft:dropped":{"minecraft:cooked_mutton":4,"origins:orb_of_origin":1},"minecraft:killed_by":{"minecraft:skeleton":7,"minecraft:creeper":4,"minecraft:zombie":3},"minecraft:custom":{"minecraft:interact_with_furnace":25,"minecraft:mob_kills":25,"minecraft:interact_with_crafting_table":22,"minecraft:leave_game":1,"minecraft:time_since_death":2788,"minecraft:sleep_in_bed":4,"minecraft:time_since_rest":2816,"minecraft:sprint_one_cm":135196,"minecraft:damage_taken":6188,"minecraft:walk_one_cm":323350,"minecraft:drop":5,"minecraft:damage_dealt":3174,"minecraft:fly_one_cm":37230,"minecraft:open_chest":38,"minecraft:crouch_one_cm":44926,"minecraft:play_time":93781,"minecraft:deaths":19,"minecraft:sneak_time":11930,"minecraft:walk_under_water_one_cm":6794,"minecraft:aviate_one_cm":594720,"minecraft:jump":720,"minecraft:walk_on_water_one_cm":11073,"minecraft:total_world_time":93781,"minecraft:fall_one_cm":32065},"minecraft:broken":{"minecraft:stone_pickaxe":1,"minecraft:iron_shovel":2,"minecraft:stone_axe":1},"minecraft:killed":{"minecraft:pig":4,"minecraft:creeper":4,"minecraft:skeleton":2,"minecraft:sheep":4,"minecraft:zombie":7,"alexsmobs:fly":2},"minecraft:mined":{"minecraft:white_bed":3,"minecraft:crafting_table":2,"minecraft:torch":1,"minecraft:granite":1,"minecraft:grass_block":314,"minecraft:tall_grass":1,"minecraft:copper_ore":1,"minecraft:spruce_leaves":21,"minecraft:sugar_cane":8,"minecraft:large_fern":16,"minecraft:seagrass":1,"minecraft:furnace":1,"minecraft:iron_ore":15,"minecraft:snow":33,"minecraft:spruce_log":69,"minecraft:andesite":16,"minecraft:pumpkin":17,"minecraft:grass":5,"minecraft:oak_log":10,"minecraft:coal_ore":48,"minecraft:gravel":2,"minecraft:dirt":476,"minecraft:stone":238,"minecraft:oak_leaves":4,"minecraft:fern":5}},"DataVersion":3465}