{"stats":{"minecraft:crafted":{"minecraft:cooked_beef":3,"minecraft:cooked_cod":2,"minecraft:oak_planks":24,"minecraft:stone_shovel":6,"minecraft:cooked_porkchop":9,"minecraft:crafting_table":2,"minecraft:spruce_planks":56,"minecraft:wooden_pickaxe":1,"minecraft:furnace":1,"minecraft:bucket":1,"minecraft:diamond_shovel":1,"minecraft:stone_axe":3,"minecraft:cooked_mutton":7,"minecraft:air":0,"minecraft:paper":3,"minecraft:iron_axe":1,"minecraft:stick":60,"minecraft:iron_ingot":17,"minecraft:iron_pickaxe":2,"minecraft:stone_pickaxe":9,"minecraft:stone_sword":1,"minecraft:chest":4,"minecraft:iron_shovel":4,"minecraft:white_bed":1,"minecraft:torch":32,"minecraft:stone_hoe":1,"minecraft:firework_rocket":9},"minecraft:picked_up":{"minecraft:crafting_table":1,"minecraft:wheat":1,"minecraft:andesite":16,"minecraft:flint":1,"minecraft:oak_log":10,"minecraft:lily_pad":1,"minecraft:shield":1,"minecraft:gunpowder":5,"minecraft:dirt":2199,"minecraft:string":4,"minecraft:raw_copper":2,"minecraft:iron_axe":1,"minecraft:cooked_mutton":1,"minecraft:iron_shovel":9,"minecraft:bone":6,"minecraft:wheat_seeds":8,"minecraft:bucket":1,"minecraft:beef":2,"minecraft:stone_pickaxe":5,"minecraft:iron_pickaxe":7,"minecraft:sugar_cane":24,"minecraft:stone_hoe":1,"minecraft:furnace":1,"minecraft:stick":19,"minecraft:raw_iron":19,"minecraft:pumpkin":17,"minecraft:torch":22,"minecraft:gravel":1,"minecraft:porkchop":9,"minecraft:spruce_sapling":38,"minecraft:white_bed":3,"minecraft:spruce_log":138,"origins:orb_of_origin":1,"minecraft:spider_eye":2,"alexsmobs:animal_dictionary":1,"minecraft:diamond_shovel":1,"minecraft:stone_sword":4,"minecraft:stone_shovel":4,"minecraft:arrow":4,"minecraft:rotten_flesh":12,"minecraft:diamond":2,"minecraft:stone_axe":2,"minecraft:granite":1,"alexsmobs:maggot":4,"minecraft:mutton":7,"minecraft:cod":2,"minecraft:coal":48,"minecraft:snowball":53,"minecraft:white_wool":4,"minecraft:cobblestone":752},"minecraft:used":{"minecraft:wheat_seeds":22,"minecraft:cooked_mutton":4,"minecraft:water_bucket":19,"minecraft:stone_sword":8,"minecraft:iron_shovel":715,"minecraft:stone_pickaxe":379,"minecraft:stone_shovel":735,"minecraft:chest":4,"minecraft:wooden_pickaxe":11,"minecraft:sugar_cane":8,"minecraft:rotten_flesh":3,"minecraft:stone_hoe":81,"minecraft:torch":42,"minecraft:dirt":1605,"minecraft:crafting_table":3,"minecraft:white_bed":4,"minecraft:snowball":2,"alexsmobs:maggot":3,"minecraft:firework_rocket":2,"minecraft:diamond_shovel":148,"minecraft:iron_pickaxe":185,"minecraft:spruce_sapling":14,"minecraft:stone_axe":221,"minecraft:cobblestone":27,"minecraft:cooked_cod":4,"minecraft:furnace":2,"minecraft:cooked_porkchop":2,"minecraft:bucket":19,"alexsmobs:animal_dictionary":1,"minecraft:cooked_beef":1},"minecraft:dropped":{"minecraft:oak_log":4,"minecraft:stone_shovel":2,"minecraft:cooked_mutton":4,"origins:orb_of_origin":1,"minecraft:stone_pickaxe":3,"minecraft:bucket":2},"minecraft:killed_by":{"minecraft:player":1,"minecraft:skeleton":7,"minecraft:creeper":4,"minecraft:zombie":3},"minecraft:custom":{"minecraft:interact_with_furnace":39,"minecraft:mob_kills":32,"minecraft:interact_with_crafting_table":38,"minecraft:leave_game":1,"minecraft:time_since_death":1358,"minecraft:sleep_in_bed":4,"minecraft:time_since_rest":1417,"minecraft:sprint_one_cm":327649,"minecraft:damage_taken":7180,"minecraft:walk_one_cm":664856,"minecraft:drop":16,"minecraft:damage_dealt":4194,"minecraft:fly_one_cm":77222,"minecraft:open_chest":77,"minecraft:play_time":175152,"minecraft:crouch_one_cm":78823,"minecraft:sneak_time":20891,"minecraft:deaths":22,"minecraft:walk_under_water_one_cm":20594,"minecraft:aviate_one_cm":873910,"minecraft:jump":1211,"minecraft:walk_on_water_one_cm":49936,"minecraft:total_world_time":175152,"minecraft:fall_one_cm":44928},"minecraft:broken":{"minecraft:stone_pickaxe":3,"minecraft:iron_shovel":2,"minecraft:stone_axe":2,"minecraft:stone_shovel":5},"minecraft:killed":{"minecraft:pig":4,"minecraft:spider":2,"minecraft:creeper":8,"minecraft:skeleton":2,"minecraft:sheep":4,"minecraft:zombie":7,"alexsmobs:fly":3},"minecraft:mined":{"minecraft:white_bed":3,"minecraft:crafting_table":2,"minecraft:torch":8,"minecraft:granite":1,"minecraft:grass_block":907,"minecraft:cobblestone":1,"minecraft:copper_ore":1,"minecraft:tall_grass":1,"minecraft:spruce_leaves":54,"minecraft:sugar_cane":14,"minecraft:large_fern":28,"minecraft:seagrass":1,"minecraft:furnace":1,"minecraft:iron_ore":17,"minecraft:wheat":1,"minecraft:snow":42,"minecraft:spruce_log":113,"minecraft:andesite":16,"minecraft:pumpkin":17,"minecraft:grass":6,"minecraft:coal_ore":48,"minecraft:oak_log":10,"minecraft:gravel":3,"minecraft:dirt":823,"minecraft:stone":447,"minecraft:oak_leaves":4,"minecraft:fern":12}},"DataVersion":3465}