{"stats":{"minecraft:crafted":{"minecraft:oak_planks":24,"minecraft:stone_shovel":6,"minecraft:furnace":2,"minecraft:bone_meal":12,"minecraft:diamond_shovel":1,"minecraft:spruce_fence":39,"minecraft:cooked_mutton":7,"minecraft:iron_axe":1,"minecraft:stone_pickaxe":9,"minecraft:chest":7,"minecraft:stone_hoe":1,"minecraft:cooked_beef":3,"minecraft:cooked_cod":2,"minecraft:cooked_porkchop":9,"minecraft:crafting_table":3,"minecraft:spruce_planks":244,"minecraft:dried_kelp":57,"minecraft:wooden_pickaxe":1,"minecraft:spruce_door":3,"minecraft:bucket":1,"minecraft:stone_axe":3,"mcwroofs:spruce_planks_roof":2,"minecraft:bread":2,"minecraft:air":0,"minecraft:paper":3,"minecraft:stick":100,"minecraft:iron_ingot":17,"minecraft:iron_pickaxe":2,"minecraft:stone_sword":1,"minecraft:iron_shovel":4,"minecraft:white_bed":1,"minecraft:spruce_fence_gate":2,"minecraft:torch":32,"minecraft:firework_rocket":12},"minecraft:used":{"minecraft:stone_sword":8,"minecraft:iron_shovel":715,"minecraft:stone_shovel":735,"minecraft:dried_kelp":43,"minecraft:shield":19,"minecraft:spruce_planks":18,"minecraft:chest":7,"minecraft:stone_hoe":81,"minecraft:rotten_flesh":3,"minecraft:torch":49,"minecraft:dirt":2364,"minecraft:carrot":12,"minecraft:spruce_fence":19,"minecraft:snowball":2,"alexsmobs:maggot":3,"minecraft:iron_axe":22,"minecraft:furnace":3,"minecraft:cooked_cod":4,"minecraft:potato":8,"minecraft:cooked_beef":2,"minecraft:wheat_seeds":59,"minecraft:cooked_mutton":4,"minecraft:water_bucket":19,"minecraft:spruce_door":1,"minecraft:stone_pickaxe":470,"minecraft:wooden_pickaxe":11,"minecraft:spruce_fence_gate":2,"minecraft:sugar_cane":8,"mcwroofs:spruce_planks_roof":4,"minecraft:crafting_table":4,"minecraft:white_bed":4,"minecraft:firework_rocket":4,"minecraft:diamond_shovel":792,"minecraft:bread":2,"minecraft:iron_pickaxe":185,"minecraft:spruce_sapling":22,"minecraft:gravel":2,"minecraft:stone_axe":221,"minecraft:cobblestone":32,"minecraft:cooked_porkchop":4,"minecraft:bucket":19,"minecraft:andesite":10,"alexsmobs:animal_dictionary":1,"minecraft:bone_meal":13},"minecraft:picked_up":{"minecraft:crafting_table":1,"minecraft:wheat":30,"minecraft:redstone_lamp":7,"minecraft:shield":3,"minecraft:string":5,"minecraft:iron_axe":2,"minecraft:raw_copper":2,"minecraft:iron_shovel":9,"minecraft:bucket":1,"minecraft:beef":2,"minecraft:iron_pickaxe":7,"minecraft:sugar_cane":54,"minecraft:furnace":1,"minecraft:raw_iron":19,"minecraft:stick":22,"minecraft:torch":24,"minecraft:note_block":3,"minecraft:spruce_fence":1,"minecraft:porkchop":9,"minecraft:dried_kelp":14,"origins:orb_of_origin":1,"minecraft:carrot":14,"minecraft:redstone":10,"minecraft:stone_sword":4,"minecraft:arrow":5,"minecraft:rotten_flesh":12,"minecraft:stone_shovel":4,"minecraft:mutton":7,"minecraft:cod":2,"minecraft:snowball":58,"minecraft:white_wool":4,"minecraft:cobblestone":910,"minecraft:cooked_beef":8,"minecraft:andesite":59,"minecraft:potato":8,"minecraft:flint":4,"minecraft:oak_log":10,"minecraft:lily_pad":1,"minecraft:gunpowder":5,"minecraft:dirt":3128,"minecraft:cooked_mutton":1,"minecraft:bone":10,"minecraft:wheat_seeds":89,"minecraft:stone_pickaxe":6,"minecraft:stone_hoe":2,"minecraft:oak_planks":3,"minecraft:cooked_porkchop":5,"minecraft:pumpkin":17,"mcwroofs:spruce_planks_roof":2,"minecraft:gravel":3,"minecraft:spruce_sapling":45,"minecraft:white_bed":3,"minecraft:spruce_log":153,"alexsmobs:animal_dictionary":1,"minecraft:spider_eye":2,"minecraft:firework_rocket":2,"minecraft:diamond_shovel":3,"minecraft:diamond":2,"minecraft:stone_axe":2,"minecraft:granite":1,"minecraft:bone_meal":1,"alexsmobs:maggot":4,"minecraft:coal":48},"minecraft:dropped":{"minecraft:oak_log":4,"origins:orb_of_origin":1,"minecraft:bucket":2,"minecraft:stone_shovel":2,"minecraft:cooked_mutton":4,"minecraft:stone_pickaxe":3},"minecraft:killed_by":{"minecraft:player":1,"minecraft:creeper":4,"minecraft:skeleton":8,"minecraft:zombie":3},"minecraft:broken":{"minecraft:iron_shovel":2,"minecraft:stone_pickaxe":3,"minecraft:stone_axe":2,"minecraft:stone_shovel":5},"minecraft:custom":{"minecraft:mob_kills":34,"minecraft:animals_bred":2,"minecraft:interact_with_crafting_table":49,"minecraft:leave_game":1,"minecraft:time_since_death":23996,"minecraft:sprint_one_cm":546697,"minecraft:walk_one_cm":984914,"minecraft:damage_blocked_by_shield":780,"minecraft:drop":16,"minecraft:play_time":253152,"minecraft:deaths":24,"minecraft:sneak_time":28790,"minecraft:walk_under_water_one_cm":64760,"minecraft:jump":1666,"minecraft:walk_on_water_one_cm":64216,"minecraft:total_world_time":253152,"minecraft:interact_with_furnace":45,"minecraft:sleep_in_bed":4,"minecraft:time_since_rest":24021,"minecraft:damage_taken":8885,"minecraft:damage_dealt":4505,"minecraft:fly_one_cm":104377,"minecraft:open_chest":117,"minecraft:crouch_one_cm":117851,"minecraft:aviate_one_cm":1338562,"minecraft:fall_one_cm":55254},"minecraft:killed":{"minecraft:spider":2,"minecraft:skeleton":4,"minecraft:pig":4,"minecraft:creeper":8,"minecraft:sheep":4,"minecraft:zombie":7,"alexsmobs:fly":3},"minecraft:mined":{"minecraft:white_bed":3,"minecraft:granite":1,"minecraft:spruce_fence":1,"minecraft:grass_block":1244,"minecraft:spruce_leaves":60,"mcwroofs:spruce_planks_roof":2,"minecraft:large_fern":28,"minecraft:furnace":1,"minecraft:carrots":3,"minecraft:iron_ore":17,"minecraft:snow":49,"minecraft:andesite":17,"minecraft:pumpkin":17,"minecraft:potatoes":4,"minecraft:stone":535,"minecraft:crafting_table":2,"minecraft:torch":10,"minecraft:tall_grass":1,"minecraft:copper_ore":1,"minecraft:cobblestone":2,"minecraft:sugar_cane":30,"minecraft:oak_planks":2,"minecraft:seagrass":1,"minecraft:wheat":31,"minecraft:ice":3,"minecraft:spruce_log":128,"minecraft:birch_leaves":2,"minecraft:grass":8,"minecraft:oak_log":10,"minecraft:coal_ore":48,"minecraft:gravel":6,"minecraft:dirt":1131,"minecraft:oak_leaves":4,"minecraft:fern":12}},"DataVersion":3465}