{"stats":{"minecraft:dropped":{"minecraft:beetroot_seeds":62},"minecraft:picked_up":{"minecraft:iron_chestplate":1,"minecraft:crafting_table":2,"minecraft:feather":2,"minecraft:chicken":2,"minecraft:chest_minecart":1,"minecraft:tuff":21,"minecraft:oak_log":11,"minecraft:shield":1,"minecraft:string":65,"minecraft:iron_leggings":1,"minecraft:bone":8,"minecraft:beetroot":138,"minecraft:cobbled_deepslate":187,"minecraft:spruce_planks":32,"minecraft:stone_pickaxe":2,"minecraft:cooked_chicken":2,"aquaculture:minnow":2,"minecraft:iron_pickaxe":1,"minecraft:oak_planks":54,"minecraft:iron_sword":1,"minecraft:iron_boots":1,"minecraft:egg":2,"minecraft:stick":4,"minecraft:raw_iron":2,"minecraft:oak_fence":2,"minecraft:torch":61,"minecraft:porkchop":1,"minecraft:spruce_sapling":1,"minecraft:redstone":79,"minecraft:spruce_log":12,"origins:orb_of_origin":1,"alexsmobs:animal_dictionary":1,"minecraft:arrow":8,"minecraft:rotten_flesh":2,"minecraft:stone_axe":1,"minecraft:beetroot_seeds":220,"minecraft:iron_helmet":1,"minecraft:gray_wool":2,"minecraft:black_wool":2,"minecraft:mutton":5,"minecraft:coal":16,"minecraft:white_wool":2,"minecraft:rail":77},"minecraft:killed_by":{"cave_dweller:cave_dweller":1},"minecraft:used":{"minecraft:beetroot":25,"minecraft:stone_pickaxe":125,"minecraft:oak_planks":3,"minecraft:iron_sword":39,"minecraft:torch":51,"minecraft:mutton":5,"minecraft:crafting_table":1,"minecraft:tuff":10,"minecraft:spruce_log":2,"minecraft:chicken":2,"minecraft:iron_pickaxe":21,"minecraft:spruce_sapling":1,"minecraft:stone_axe":16,"minecraft:wooden_sword":32,"minecraft:beetroot_seeds":76,"alexsmobs:animal_dictionary":4,"minecraft:cooked_beef":2,"minecraft:cobbled_deepslate":114},"minecraft:killed":{"minecraft:pig":1,"alexsmobs:tasmanian_devil":1,"minecraft:sheep":3,"aquaculture:minnow":1,"minecraft:zombie":1,"minecraft:chicken":2,"alexsmobs:fly":1},"minecraft:broken":{"minecraft:wooden_sword":1},"minecraft:crafted":{"minecraft:cooked_beef":2,"minecraft:wooden_sword":2,"minecraft:oak_planks":44,"minecraft:crafting_table":2,"minecraft:spruce_planks":40,"minecraft:cooked_chicken":2,"minecraft:air":0,"minecraft:stick":20,"minecraft:torch":64},"minecraft:mined":{"minecraft:deepslate_redstone_ore":17,"minecraft:tuff":21,"minecraft:oak_fence":2,"minecraft:glow_lichen":2,"minecraft:torch":1,"minecraft:cobbled_deepslate":15,"minecraft:spruce_log":12,"minecraft:grass":2,"minecraft:oak_log":11,"minecraft:beetroots":78,"minecraft:deepslate_iron_ore":1,"minecraft:rail":77,"minecraft:cobweb":65,"minecraft:oak_leaves":3,"minecraft:deepslate":71},"minecraft:custom":{"minecraft:interact_with_furnace":1,"minecraft:mob_kills":10,"minecraft:interact_with_crafting_table":2,"minecraft:open_barrel":4,"minecraft:leave_game":7,"minecraft:time_since_death":38866,"minecraft:sleep_in_bed":4,"minecraft:climb_one_cm":2548,"minecraft:time_since_rest":38899,"minecraft:sprint_one_cm":182452,"minecraft:damage_taken":512,"minecraft:walk_one_cm":369552,"minecraft:drop":62,"minecraft:damage_dealt":883,"minecraft:swim_one_cm":23096,"minecraft:fly_one_cm":96182,"minecraft:open_chest":14,"minecraft:crouch_one_cm":6493,"minecraft:play_time":81443,"minecraft:deaths":1,"minecraft:sneak_time":2046,"minecraft:walk_under_water_one_cm":1962,"minecraft:jump":737,"minecraft:walk_on_water_one_cm":9898,"minecraft:interact_with_smoker":5,"minecraft:total_world_time":81443,"minecraft:fall_one_cm":13806}},"DataVersion":3465}