{"stats":{"minecraft:crafted":{"minecraft:oak_planks":28,"minecraft:crafting_table":2,"minecraft:spruce_planks":36,"minecraft:wooden_pickaxe":2,"minecraft:furnace":1,"minecraft:stone_axe":2,"minecraft:iron_axe":1,"minecraft:stick":20,"minecraft:iron_ingot":7,"minecraft:iron_pickaxe":1,"minecraft:stone_pickaxe":2,"minecraft:wooden_axe":2,"minecraft:chest":1},"minecraft:used":{"minecraft:water_bucket":1,"minecraft:stone_shovel":14,"minecraft:stone_pickaxe":36,"minecraft:chest":1,"minecraft:wooden_pickaxe":48,"aquaculture:bluegill":2,"minecraft:salmon":3,"minecraft:dirt":12,"minecraft:crafting_table":4,"minecraft:cod":2,"minecraft:oak_log":1,"minecraft:wooden_axe":45,"aquaculture:carp":1,"aquaculture:gar":1,"minecraft:stone_axe":29,"minecraft:furnace":1,"minecraft:cooked_porkchop":2,"aquaculture:smallmouth_bass":3,"minecraft:bucket":2,"alexsmobs:animal_dictionary":2},"minecraft:picked_up":{"minecraft:crafting_table":3,"minecraft:water_bucket":1,"minecraft:salmon":3,"minecraft:oak_log":8,"minecraft:dirt":28,"aquaculture:bluegill":2,"minecraft:bucket":1,"aquaculture:smallmouth_bass":3,"minecraft:raw_iron":7,"aquaculture:gar":1,"minecraft:cooked_porkchop":2,"minecraft:gravel":2,"minecraft:sand":1,"minecraft:spruce_log":9,"minecraft:stone_shovel":1,"aquaculture:brown_trout":1,"minecraft:bone_meal":1,"aquaculture:carp":1,"minecraft:coal":28,"minecraft:cod":4,"minecraft:cobblestone":33},"minecraft:dropped":{"minecraft:water_bucket":1,"minecraft:cod":2,"minecraft:dirt":1,"minecraft:bone_meal":1},"minecraft:killed_by":{"minecraft:drowned":1},"minecraft:broken":{"minecraft:wooden_axe":1},"minecraft:custom":{"minecraft:interact_with_furnace":5,"minecraft:mob_kills":31,"minecraft:interact_with_crafting_table":14,"minecraft:leave_game":2,"minecraft:time_since_death":21516,"minecraft:time_since_rest":21587,"minecraft:sprint_one_cm":4907,"minecraft:damage_taken":555,"minecraft:walk_one_cm":3710,"minecraft:drop":5,"minecraft:damage_dealt":1462,"minecraft:swim_one_cm":408787,"minecraft:fly_one_cm":3414,"minecraft:open_chest":3,"minecraft:play_time":37129,"minecraft:deaths":1,"minecraft:sneak_time":2965,"minecraft:walk_under_water_one_cm":223892,"minecraft:jump":46,"minecraft:walk_on_water_one_cm":34753,"minecraft:total_world_time":37129,"minecraft:fall_one_cm":245},"minecraft:killed":{"aquaculture:bluegill":2,"minecraft:salmon":5,"aquaculture:gar":1,"aquaculture:smallmouth_bass":3,"minecraft:cod":9,"minecraft:squid":1,"alexsmobs:catfish":1,"alexsmobs:terrapin":1,"aquaculture:brown_trout":2,"aquaculture:perch":2,"minecraft:drowned":1,"aquaculture:carp":3},"minecraft:mined":{"minecraft:kelp_plant":2,"minecraft:crafting_table":3,"minecraft:tall_seagrass":1,"minecraft:iron_ore":8,"minecraft:ice":4,"minecraft:spruce_log":4,"minecraft:oak_log":5,"minecraft:coal_ore":32,"minecraft:gravel":3,"minecraft:sand":1,"minecraft:dirt":28,"minecraft:stone":40}},"DataVersion":3465}