{"stats":{"minecraft:crafted":{"minecraft:oak_planks":16,"minecraft:crafting_table":1,"minecraft:stick":8,"minecraft:wooden_pickaxe":1,"minecraft:wooden_axe":1,"minecraft:stone_pickaxe":1,"minecraft:stone_axe":1},"minecraft:picked_up":{"aquaculture:gar":1,"minecraft:crafting_table":1,"minecraft:salmon":3,"minecraft:oak_log":5,"minecraft:dirt":1,"aquaculture:bluegill":1,"minecraft:bone_meal":1,"minecraft:cobblestone":6},"minecraft:used":{"minecraft:oak_log":1,"minecraft:wooden_axe":19,"minecraft:wooden_pickaxe":10,"aquaculture:gar":1,"minecraft:stone_axe":14,"aquaculture:bluegill":1,"minecraft:salmon":3,"minecraft:crafting_table":1,"alexsmobs:animal_dictionary":2},"minecraft:dropped":{"minecraft:dirt":1,"minecraft:bone_meal":1},"minecraft:custom":{"minecraft:time_since_rest":8911,"minecraft:sprint_one_cm":125,"minecraft:damage_taken":90,"minecraft:walk_one_cm":2505,"minecraft:mob_kills":10,"minecraft:drop":2,"minecraft:damage_dealt":581,"minecraft:swim_one_cm":105525,"minecraft:interact_with_crafting_table":3,"minecraft:fly_one_cm":1502,"minecraft:play_time":8911,"minecraft:sneak_time":251,"minecraft:walk_under_water_one_cm":49150,"minecraft:jump":8,"minecraft:walk_on_water_one_cm":6135,"minecraft:leave_game":1,"minecraft:time_since_death":8911,"minecraft:total_world_time":8911,"minecraft:fall_one_cm":245},"minecraft:killed":{"aquaculture:bluegill":1,"minecraft:salmon":5,"aquaculture:perch":1,"minecraft:drowned":1,"aquaculture:gar":1,"minecraft:squid":1},"minecraft:mined":{"minecraft:ice":2,"minecraft:crafting_table":1,"minecraft:oak_log":5,"minecraft:dirt":1,"minecraft:stone":10}},"DataVersion":3465}