{"stats":{"minecraft:killed":{"alexsmobs:lobster":3,"aquaculture:red_grouper":7,"aquaculture:gar":2,"aquaculture:smallmouth_bass":5,"minecraft:cod":15,"minecraft:skeleton":3,"aquaculture:perch":12,"aquaculture:atlantic_herring":4,"minecraft:turtle":8,"alexsmobs:skelewag":2,"minecraft:skeleton_horse":1,"aquaculture:carp":6,"minecraft:salmon":24,"minecraft:creeper":6,"minecraft:pillager":9,"aquaculture:minnow":3,"minecraft:zombie":9,"alexsmobs:terrapin":4,"aquaculture:blackfish":2,"aquaculture:bluegill":6,"minecraft:vindicator":18,"aquaculture:pink_salmon":1,"alexsmobs:comb_jelly":1,"aquaculture:brown_trout":4,"minecraft:drowned":22,"alexsmobs:flying_fish":2,"aquaculture:rainbow_trout":3,"minecraft:rabbit":1,"aquaculture:jellyfish":1,"minecraft:squid":1,"alexsmobs:catfish":1,"aquaculture:pollock":1,"alexsmobs:crocodile":1,"alexsmobs:gazelle":1,"minecraft:wither_skeleton":1},"minecraft:custom":{"minecraft:interact_with_crafting_table":50,"minecraft:open_barrel":22,"minecraft:eat_cake_slice":6,"minecraft:leave_game":30,"minecraft:time_since_death":77802,"minecraft:sprint_one_cm":471999,"minecraft:damage_blocked_by_shield":2202,"minecraft:drop":199,"minecraft:play_noteblock":20,"minecraft:talked_to_villager":1,"minecraft:play_time":795101,"minecraft:deaths":8,"minecraft:jump":2359,"minecraft:walk_on_water_one_cm":786230,"minecraft:interact_with_furnace":71,"minecraft:play_record":1,"minecraft:sleep_in_bed":17,"minecraft:damage_dealt":23739,"minecraft:crouch_one_cm":8119,"minecraft:interact_with_smoker":3,"minecraft:inspect_dispenser":2,"minecraft:interact_with_anvil":6,"minecraft:mob_kills":191,"minecraft:climb_one_cm":9633,"minecraft:walk_one_cm":349950,"minecraft:sneak_time":35641,"minecraft:walk_under_water_one_cm":4187256,"minecraft:boat_one_cm":3330,"minecraft:total_world_time":795101,"minecraft:time_since_rest":0,"minecraft:damage_taken":5665,"minecraft:swim_one_cm":13778888,"minecraft:fly_one_cm":396455,"minecraft:open_chest":280,"minecraft:fish_caught":20,"minecraft:fall_one_cm":46559},"minecraft:broken":{"minecraft:iron_shovel":1,"minecraft:stone_pickaxe":1,"minecraft:stone_axe":1,"minecraft:wooden_axe":1,"minecraft:iron_axe":3,"minecraft:iron_pickaxe":2},"minecraft:picked_up":{"minecraft:seagrass":6,"minecraft:iron_chestplate":6,"minecraft:chainmail_boots":1,"minecraft:anvil":2,"aquaculture:blackfish":3,"minecraft:diamond_sword":1,"minecraft:enchanted_book":4,"minecraft:stone_brick_stairs":3,"alexsmobs:gazelle_horn":1,"minecraft:iron_leggings":4,"minecraft:pufferfish":1,"minecraft:beetroot":9,"minecraft:diamond_leggings":2,"minecraft:cobbled_deepslate":8,"minecraft:smooth_stone":1,"minecraft:bucket":2,"minecraft:spruce_planks":106,"minecraft:iron_pickaxe":11,"minecraft:coal_block":1,"minecraft:furnace":1,"minecraft:iron_boots":6,"minecraft:stick":161,"minecraft:jukebox":2,"minecraft:torch":6,"minecraft:spruce_stairs":1,"minecraft:porkchop":6,"minecraft:dried_kelp":68,"aquaculture:atlantic_halibut":1,"minecraft:golden_chestplate":1,"minecraft:cauldron":3,"minecraft:stone_sword":1,"minecraft:rotten_flesh":17,"minecraft:tropical_fish":1,"minecraft:cod":12,"alexsmobs:lobster_tail":1,"alexsmobs:flying_fish":2,"minecraft:cobblestone":162,"minecraft:nautilus_shell":1,"minecraft:enchanting_table":2,"minecraft:repeater":12,"minecraft:water_bucket":7,"minecraft:andesite":3,"minecraft:jungle_log":2,"minecraft:golden_leggings":1,"minecraft:smoker":1,"minecraft:potato":64,"minecraft:flint":2,"minecraft:lapis_lazuli":70,"minecraft:dirt":81,"minecraft:lantern":2,"minecraft:polished_granite":4,"minecraft:glass":13,"minecraft:bone":25,"minecraft:bow":1,"minecraft:wheat_seeds":10,"minecraft:raw_gold":19,"minecraft:rabbit":1,"minecraft:diamond_helmet":2,"minecraft:stone_hoe":1,"minecraft:oak_planks":25,"aquaculture:atlantic_herring":2,"aquaculture:jellyfish":3,"aquaculture:gar":2,"minecraft:cooked_porkchop":2,"minecraft:music_disc_13":2,"minecraft:sand":146,"minecraft:jungle_planks":2,"minecraft:ink_sac":36,"minecraft:grass_block":1,"alexsmobs:animal_dictionary":1,"minecraft:dispenser":1,"minecraft:diamond":9,"minecraft:granite":2,"minecraft:bone_meal":3,"minecraft:emerald":32,"minecraft:chainmail_helmet":1,"minecraft:bread":25,"alexsmobs:maggot":2,"minecraft:oak_sapling":4,"minecraft:bricks":9,"minecraft:oak_leaves":64,"minecraft:diamond_pickaxe":1,"minecraft:fishing_rod":2,"minecraft:charcoal":2,"minecraft:crafting_table":7,"minecraft:redstone_lamp":16,"minecraft:gold_block":1,"minecraft:shield":7,"minecraft:iron_axe":9,"minecraft:iron_shovel":3,"aquaculture:pink_salmon":2,"aquaculture:bluegill":3,"minecraft:poppy":1,"minecraft:spruce_slab":4,"minecraft:chest":2,"minecraft:raw_iron":420,"minecraft:spruce_fence":4,"minecraft:note_block":7,"aquaculture:perch":8,"minecraft:redstone":16,"alexsmobs:crocodile_scute":9,"minecraft:prismarine_crystals":3,"minecraft:purple_terracotta":1,"minecraft:stone_shovel":1,"minecraft:arrow":8,"minecraft:diamond_chestplate":1,"minecraft:beetroot_seeds":35,"minecraft:jungle_stairs":1,"aquaculture:brown_trout":4,"minecraft:shears":1,"minecraft:diamond_boots":4,"minecraft:hay_block":65,"aquaculture:carp":4,"minecraft:saddle":1,"minecraft:brick_stairs":6,"minecraft:bone_block":6,"minecraft:golden_carrot":30,"minecraft:salmon":23,"minecraft:filled_map":3,"alexsmobs:cachalot_whale_tooth":7,"minecraft:oak_log":9,"minecraft:chainmail_chestplate":1,"minecraft:yellow_bed":2,"minecraft:gunpowder":8,"aquaculture:rainbow_trout":3,"minecraft:smooth_sandstone":1,"minecraft:stone_bricks":2,"minecraft:kelp":575,"minecraft:rabbit_hide":1,"minecraft:stone_pickaxe":3,"aquaculture:minnow":3,"minecraft:glass_bottle":1,"minecraft:iron_sword":1,"aquaculture:smallmouth_bass":5,"minecraft:sweet_berries":1,"minecraft:chiseled_stone_bricks":1,"minecraft:stone_brick_slab":2,"minecraft:dandelion":2,"minecraft:gravel":25,"aquaculture:red_grouper":6,"minecraft:spruce_log":209,"minecraft:spider_eye":1,"minecraft:diamond_shovel":3,"minecraft:iron_helmet":7,"minecraft:diamond_axe":2,"minecraft:coal":240,"minecraft:ender_pearl":1},"minecraft:used":{"minecraft:beetroot":9,"minecraft:iron_shovel":251,"alexsmobs:small_catfish_bucket":1,"minecraft:chest":5,"aquaculture:brown_trout":1,"minecraft:shield":53,"aquaculture:atlantic_herring_bucket":1,"minecraft:rotten_flesh":4,"aquaculture:bluegill":3,"minecraft:iron_chestplate":5,"minecraft:carrot":8,"minecraft:music_disc_13":1,"minecraft:axolotl_bucket":2,"aquaculture:muskellunge_bucket":1,"aquaculture:rainbow_trout":3,"aquaculture:perch_bucket":3,"minecraft:iron_helmet":7,"minecraft:sweet_berries":2,"minecraft:oak_sapling":4,"minecraft:furnace":2,"aquaculture:atlantic_halibut":1,"minecraft:potato":8,"minecraft:seagrass":4,"aquaculture:smallmouth_bass_bucket":1,"minecraft:diamond_boots":2,"aquaculture:atlantic_herring":1,"minecraft:stone_pickaxe":175,"minecraft:oak_planks":5,"minecraft:ender_pearl":1,"minecraft:wooden_pickaxe":48,"aquaculture:jellyfish_bucket":1,"alexsmobs:terrapin_bucket":1,"minecraft:bread":29,"minecraft:gravel":3,"aquaculture:gar":2,"aquaculture:smallmouth_bass":5,"minecraft:andesite":2,"aquaculture:perch":7,"aquaculture:pink_salmon":2,"minecraft:enchanting_table":1,"minecraft:tropical_fish":1,"minecraft:stone_shovel":14,"minecraft:dried_kelp":213,"aquaculture:blackfish":2,"minecraft:torch":3,"minecraft:dirt":22,"minecraft:anvil":2,"minecraft:cod_bucket":1,"minecraft:salmon_bucket":1,"minecraft:granite":1,"minecraft:spruce_fence":2,"aquaculture:red_grouper":5,"minecraft:wooden_axe":55,"alexsmobs:maggot":1,"minecraft:iron_axe":574,"minecraft:iron_boots":4,"minecraft:golden_carrot":12,"minecraft:iron_leggings":4,"minecraft:water_bucket":127,"minecraft:rabbit":1,"minecraft:glass_bottle":26,"minecraft:salmon":20,"minecraft:crafting_table":8,"minecraft:cod":9,"minecraft:cake":2,"minecraft:spruce_log":2,"minecraft:oak_log":1,"minecraft:apple":4,"aquaculture:carp":3,"minecraft:iron_pickaxe":922,"minecraft:suspicious_stew":6,"minecraft:stone_axe":139,"minecraft:fishing_rod":39,"minecraft:cobblestone":11,"minecraft:potion":25,"minecraft:cooked_porkchop":2,"minecraft:bucket":142,"minecraft:yellow_bed":2,"alexsmobs:animal_dictionary":2,"minecraft:kelp":12,"minecraft:diamond_leggings":1,"minecraft:jukebox":1},"minecraft:dropped":{"minecraft:iron_sword":1,"minecraft:diamond_axe":2,"minecraft:lapis_lazuli":13,"minecraft:lantern":2,"minecraft:cod":2,"minecraft:emerald":20,"minecraft:redstone_lamp":16,"minecraft:dirt":3,"minecraft:coast_armor_trim_smithing_template":1,"minecraft:gold_nugget":8,"minecraft:bone_meal":56,"minecraft:sand":135,"minecraft:iron_pickaxe":2,"minecraft:fishing_rod":1,"minecraft:bone":24,"minecraft:note_block":7,"minecraft:iron_nugget":20,"alexsmobs:animal_dictionary":1,"minecraft:rotten_flesh":13,"minecraft:oak_planks":13,"minecraft:diamond_shovel":2,"alexsmobs:cachalot_whale_tooth":3,"minecraft:carrot":5,"minecraft:chainmail_chestplate":1,"minecraft:chiseled_stone_bricks":1,"minecraft:poppy":1,"minecraft:leather_chestplate":2,"minecraft:gunpowder":8,"minecraft:brick_stairs":6,"minecraft:beetroot_seeds":35,"minecraft:leather_boots":3,"minecraft:chainmail_boots":1,"minecraft:spruce_slab":3,"minecraft:arrow":15,"minecraft:glass":13,"minecraft:oak_leaves":64,"minecraft:polished_granite":4,"minecraft:enchanted_book":3,"minecraft:water_bucket":6,"minecraft:stone_hoe":1,"minecraft:iron_ingot":103,"minecraft:bread":4,"minecraft:wheat_seeds":5,"minecraft:iron_helmet":5,"minecraft:cobblestone":58,"aquaculture:red_grouper":1,"minecraft:chainmail_helmet":1,"minecraft:stick":157,"minecraft:ink_sac":20,"minecraft:torch":3,"minecraft:repeater":12,"minecraft:wooden_axe":1,"aquaculture:atlantic_herring":1,"minecraft:diamond_helmet":1,"minecraft:dried_kelp":1,"minecraft:iron_axe":1,"minecraft:bucket":2,"minecraft:redstone":16,"minecraft:bricks":9,"minecraft:anvil":2,"minecraft:kelp":200,"alexsmobs:maggot":1,"minecraft:stone_sword":1,"minecraft:bowl":5,"minecraft:iron_boots":2,"minecraft:shears":1,"minecraft:filled_map":6,"minecraft:diamond_sword":1,"minecraft:potato":73,"minecraft:shield":3,"minecraft:diamond_chestplate":1,"minecraft:spruce_planks":67,"minecraft:iron_chestplate":4,"minecraft:diamond_pickaxe":1,"minecraft:golden_leggings":1,"minecraft:spider_eye":1,"minecraft:spruce_log":62,"minecraft:bow":1,"minecraft:stone_pickaxe":1},"minecraft:killed_by":{"minecraft:drowned":2,"alexsmobs:cachalot_whale":1,"minecraft:vindicator":1,"alexsmobs:crocodile":2,"minecraft:enderman":1},"minecraft:crafted":{"minecraft:oak_planks":32,"minecraft:iron_boots":2,"minecraft:chest":3,"alexsmobs:crocodile_chestplate":1,"minecraft:crafting_table":6,"minecraft:spruce_planks":84,"minecraft:wooden_pickaxe":2,"minecraft:iron_helmet":3,"minecraft:iron_chestplate":4,"minecraft:diamond_pickaxe":1,"minecraft:shield":2,"minecraft:stick":40,"minecraft:iron_ingot":358,"minecraft:iron_pickaxe":4,"minecraft:iron_block":6,"minecraft:furnace":2,"minecraft:bone_meal":57,"minecraft:iron_axe":6,"minecraft:stone_pickaxe":2,"alexsmobs:flying_fish_boots":1,"minecraft:wheat":584,"minecraft:dried_kelp":239,"minecraft:bucket":2,"minecraft:stone_axe":2,"minecraft:bread":207,"minecraft:air":0,"minecraft:wooden_axe":2,"minecraft:iron_leggings":2,"minecraft:anvil":2},"minecraft:mined":{"minecraft:spruce_planks":30,"minecraft:granite":7,"minecraft:grass_block":2,"minecraft:jungle_log":3,"minecraft:coal_block":2,"minecraft:chiseled_stone_bricks":1,"minecraft:spawner":4,"minecraft:smooth_stone":1,"minecraft:tall_seagrass":45,"minecraft:iron_ore":420,"minecraft:deepslate_lapis_ore":1,"minecraft:anvil":2,"minecraft:enchanting_table":1,"minecraft:water_cauldron":3,"minecraft:oak_stairs":1,"minecraft:spruce_slab":1,"minecraft:kelp_plant":124,"minecraft:smoker":1,"minecraft:note_block":7,"minecraft:jungle_stairs":2,"minecraft:chest":2,"minecraft:cobblestone":12,"minecraft:oak_planks":7,"minecraft:bricks":10,"minecraft:seagrass":22,"minecraft:repeater":11,"minecraft:jukebox":2,"minecraft:stone_brick_stairs":3,"minecraft:grass":9,"minecraft:oak_log":9,"minecraft:beetroots":16,"minecraft:sand":255,"minecraft:dirt":83,"minecraft:crimson_planks":2,"minecraft:tripwire_hook":1,"minecraft:dispenser":1,"minecraft:oak_leaves":1,"minecraft:deepslate":10,"minecraft:redstone_lamp":23,"minecraft:diamond_ore":5,"minecraft:deepslate_diamond_ore":4,"minecraft:sea_lantern":1,"minecraft:spruce_fence":2,"minecraft:jungle_planks":4,"minecraft:brick_stairs":6,"minecraft:redstone_wire":12,"minecraft:spruce_leaves":10,"minecraft:kelp":15,"minecraft:large_fern":2,"minecraft:hay_block":66,"minecraft:furnace":1,"minecraft:andesite":6,"minecraft:gold_block":1,"minecraft:deepslate_iron_ore":36,"minecraft:lantern":2,"minecraft:stone":121,"minecraft:bone_block":7,"minecraft:cake":1,"minecraft:stone_brick_slab":2,"minecraft:polished_granite":5,"minecraft:smooth_sandstone":1,"minecraft:crafting_table":7,"minecraft:campfire":1,"minecraft:deepslate_coal_ore":2,"minecraft:lapis_ore":13,"minecraft:deepslate_gold_ore":1,"minecraft:lily_pad":1,"minecraft:spruce_stairs":1,"minecraft:ice":10,"minecraft:spruce_log":81,"minecraft:yellow_bed":2,"minecraft:coal_ore":260,"minecraft:gravel":24,"minecraft:stone_bricks":3,"minecraft:gold_ore":19,"minecraft:infested_stone":1}},"DataVersion":3465}