{"stats":{"minecraft:crafted":{"minecraft:oak_planks":32,"minecraft:furnace":2,"minecraft:bone_meal":54,"minecraft:iron_axe":2,"minecraft:stone_pickaxe":2,"minecraft:chest":1,"minecraft:crafting_table":3,"minecraft:spruce_planks":36,"minecraft:dried_kelp":47,"minecraft:wooden_pickaxe":2,"minecraft:stone_axe":2,"minecraft:bread":13,"minecraft:air":0,"minecraft:iron_chestplate":1,"minecraft:stick":28,"minecraft:iron_ingot":110,"minecraft:iron_pickaxe":2,"minecraft:wooden_axe":2,"minecraft:iron_leggings":1},"minecraft:used":{"minecraft:stone_shovel":14,"minecraft:dried_kelp":22,"minecraft:chest":2,"aquaculture:bluegill":3,"minecraft:torch":1,"minecraft:dirt":22,"minecraft:wooden_axe":55,"minecraft:furnace":2,"minecraft:water_bucket":17,"minecraft:stone_pickaxe":152,"minecraft:wooden_pickaxe":48,"minecraft:salmon":3,"minecraft:crafting_table":5,"minecraft:cod":2,"minecraft:oak_log":1,"aquaculture:carp":1,"minecraft:bread":6,"minecraft:iron_pickaxe":180,"minecraft:suspicious_stew":1,"aquaculture:gar":2,"minecraft:stone_axe":113,"minecraft:cobblestone":8,"minecraft:cooked_porkchop":2,"aquaculture:smallmouth_bass":5,"minecraft:bucket":18,"alexsmobs:animal_dictionary":2,"minecraft:kelp":12},"minecraft:picked_up":{"minecraft:seagrass":2,"minecraft:charcoal":2,"minecraft:crafting_table":4,"minecraft:redstone_lamp":7,"minecraft:gold_block":1,"minecraft:stone_brick_stairs":3,"aquaculture:bluegill":3,"minecraft:cobbled_deepslate":1,"minecraft:bucket":1,"minecraft:spruce_planks":1,"minecraft:chest":1,"minecraft:furnace":1,"minecraft:raw_iron":87,"minecraft:torch":1,"minecraft:spruce_stairs":1,"minecraft:note_block":7,"minecraft:redstone":10,"minecraft:prismarine_crystals":3,"minecraft:stone_shovel":1,"minecraft:jungle_stairs":1,"aquaculture:brown_trout":2,"aquaculture:carp":1,"minecraft:brick_stairs":6,"minecraft:cod":4,"alexsmobs:lobster_tail":1,"minecraft:bone_block":6,"minecraft:cobblestone":58,"minecraft:repeater":11,"minecraft:water_bucket":1,"minecraft:salmon":3,"minecraft:filled_map":2,"minecraft:flint":1,"minecraft:oak_log":9,"minecraft:dirt":58,"minecraft:lantern":1,"minecraft:smooth_sandstone":1,"minecraft:stone_bricks":2,"minecraft:kelp":560,"minecraft:raw_gold":4,"minecraft:stone_pickaxe":2,"aquaculture:minnow":3,"minecraft:oak_planks":2,"aquaculture:jellyfish":1,"aquaculture:smallmouth_bass":5,"aquaculture:gar":2,"minecraft:cooked_porkchop":2,"minecraft:chiseled_stone_bricks":1,"minecraft:stone_brick_slab":2,"minecraft:gravel":4,"minecraft:sand":1,"minecraft:jungle_planks":1,"minecraft:ink_sac":11,"minecraft:spruce_log":21,"minecraft:diamond_shovel":1,"minecraft:diamond":1,"minecraft:bone_meal":2,"alexsmobs:maggot":1,"minecraft:bricks":9,"minecraft:coal":116},"minecraft:dropped":{"minecraft:water_bucket":1,"minecraft:lantern":1,"minecraft:cod":2,"minecraft:redstone_lamp":7,"minecraft:dirt":1,"minecraft:ink_sac":4,"minecraft:repeater":11,"minecraft:wooden_axe":1,"minecraft:dried_kelp":1,"minecraft:bone_meal":56,"minecraft:redstone":10,"minecraft:note_block":7,"minecraft:bricks":9,"minecraft:kelp":192,"alexsmobs:maggot":1,"minecraft:bowl":1,"minecraft:diamond_shovel":1,"minecraft:carrot":5,"minecraft:chiseled_stone_bricks":1,"minecraft:filled_map":4,"minecraft:brick_stairs":6},"minecraft:killed_by":{"minecraft:drowned":1},"minecraft:broken":{"minecraft:wooden_axe":1},"minecraft:custom":{"minecraft:mob_kills":49,"minecraft:interact_with_crafting_table":19,"minecraft:leave_game":4,"minecraft:time_since_death":124528,"minecraft:climb_one_cm":3162,"minecraft:sprint_one_cm":22686,"minecraft:walk_one_cm":45666,"minecraft:drop":33,"minecraft:play_noteblock":20,"minecraft:play_time":140141,"minecraft:sneak_time":10447,"minecraft:deaths":1,"minecraft:walk_under_water_one_cm":845258,"minecraft:jump":224,"minecraft:walk_on_water_one_cm":126622,"minecraft:total_world_time":140141,"minecraft:interact_with_furnace":28,"minecraft:sleep_in_bed":1,"minecraft:time_since_rest":2846,"minecraft:damage_taken":760,"minecraft:damage_dealt":2693,"minecraft:swim_one_cm":2229980,"minecraft:fly_one_cm":32627,"minecraft:open_chest":47,"minecraft:crouch_one_cm":373,"minecraft:fall_one_cm":2136},"minecraft:killed":{"alexsmobs:lobster":3,"aquaculture:bluegill":3,"aquaculture:red_grouper":2,"aquaculture:gar":2,"aquaculture:smallmouth_bass":5,"minecraft:cod":9,"aquaculture:brown_trout":3,"aquaculture:perch":3,"minecraft:drowned":3,"minecraft:turtle":1,"aquaculture:carp":3,"minecraft:salmon":5,"aquaculture:jellyfish":1,"minecraft:squid":1,"alexsmobs:catfish":1,"aquaculture:minnow":3,"alexsmobs:terrapin":1},"minecraft:mined":{"minecraft:diamond_ore":1,"minecraft:spruce_planks":1,"minecraft:sea_lantern":1,"minecraft:jungle_planks":1,"minecraft:brick_stairs":6,"minecraft:redstone_wire":12,"minecraft:spruce_leaves":9,"minecraft:kelp":9,"minecraft:chiseled_stone_bricks":1,"minecraft:tall_seagrass":8,"minecraft:furnace":1,"minecraft:iron_ore":82,"minecraft:gold_block":1,"minecraft:deepslate_iron_ore":7,"minecraft:oak_stairs":1,"minecraft:lantern":1,"minecraft:stone":62,"minecraft:bone_block":7,"minecraft:kelp_plant":89,"minecraft:stone_brick_slab":2,"minecraft:polished_granite":1,"minecraft:smooth_sandstone":1,"minecraft:crafting_table":4,"minecraft:note_block":7,"minecraft:jungle_stairs":1,"minecraft:chest":1,"minecraft:campfire":1,"minecraft:cobblestone":4,"minecraft:deepslate_coal_ore":2,"minecraft:deepslate_gold_ore":1,"minecraft:oak_planks":2,"minecraft:bricks":10,"minecraft:seagrass":7,"minecraft:spruce_stairs":1,"minecraft:repeater":11,"minecraft:ice":9,"minecraft:spruce_log":16,"minecraft:stone_brick_stairs":3,"minecraft:coal_ore":128,"minecraft:oak_log":9,"minecraft:gravel":8,"minecraft:sand":1,"minecraft:dirt":61,"minecraft:stone_bricks":3,"minecraft:gold_ore":4,"minecraft:deepslate":1,"minecraft:redstone_lamp":14}},"DataVersion":3465}