{"stats":{"minecraft:crafted":{"minecraft:oak_planks":16,"minecraft:crafting_table":2,"minecraft:spruce_planks":16,"minecraft:stick":12,"minecraft:wooden_pickaxe":2,"minecraft:wooden_axe":2,"minecraft:stone_pickaxe":1,"minecraft:stone_axe":1},"minecraft:picked_up":{"aquaculture:smallmouth_bass":3,"aquaculture:gar":1,"minecraft:crafting_table":2,"minecraft:salmon":3,"minecraft:sand":1,"minecraft:oak_log":5,"minecraft:spruce_log":4,"minecraft:dirt":6,"aquaculture:bluegill":2,"aquaculture:brown_trout":1,"aquaculture:carp":1,"minecraft:bone_meal":1,"minecraft:coal":4,"minecraft:cobblestone":18},"minecraft:used":{"minecraft:oak_log":1,"minecraft:wooden_axe":33,"aquaculture:carp":1,"minecraft:stone_pickaxe":15,"minecraft:wooden_pickaxe":15,"aquaculture:gar":1,"minecraft:stone_axe":29,"aquaculture:bluegill":2,"minecraft:salmon":3,"minecraft:crafting_table":2,"aquaculture:smallmouth_bass":3,"alexsmobs:animal_dictionary":2},"minecraft:dropped":{"minecraft:dirt":1,"minecraft:bone_meal":1},"minecraft:killed_by":{"minecraft:drowned":1},"minecraft:broken":{"minecraft:wooden_axe":1},"minecraft:custom":{"minecraft:time_since_rest":5369,"minecraft:sprint_one_cm":4907,"minecraft:damage_taken":360,"minecraft:walk_one_cm":3633,"minecraft:mob_kills":23,"minecraft:drop":2,"minecraft:damage_dealt":1222,"minecraft:swim_one_cm":328382,"minecraft:interact_with_crafting_table":4,"minecraft:fly_one_cm":3300,"minecraft:play_time":20911,"minecraft:deaths":1,"minecraft:sneak_time":695,"minecraft:walk_under_water_one_cm":107435,"minecraft:jump":25,"minecraft:walk_on_water_one_cm":20289,"minecraft:leave_game":1,"minecraft:time_since_death":5298,"minecraft:total_world_time":20911,"minecraft:fall_one_cm":245},"minecraft:killed":{"alexsmobs:catfish":1,"aquaculture:bluegill":2,"alexsmobs:terrapin":1,"minecraft:salmon":5,"aquaculture:brown_trout":2,"aquaculture:perch":2,"minecraft:drowned":1,"aquaculture:gar":1,"aquaculture:smallmouth_bass":3,"minecraft:cod":1,"minecraft:squid":1,"aquaculture:carp":3},"minecraft:mined":{"minecraft:ice":2,"minecraft:spruce_log":4,"minecraft:crafting_table":2,"minecraft:coal_ore":4,"minecraft:oak_log":5,"minecraft:sand":1,"minecraft:gravel":1,"minecraft:dirt":6,"minecraft:stone":24}},"DataVersion":3465}