{"stats":{"minecraft:crafted":{"minecraft:oak_planks":28,"minecraft:crafting_table":2,"minecraft:spruce_planks":36,"minecraft:dried_kelp":47,"minecraft:wooden_pickaxe":2,"minecraft:furnace":2,"minecraft:stone_axe":2,"minecraft:air":0,"minecraft:iron_axe":1,"minecraft:stick":20,"minecraft:iron_ingot":53,"minecraft:iron_pickaxe":1,"minecraft:stone_pickaxe":2,"minecraft:wooden_axe":2,"minecraft:chest":1},"minecraft:used":{"minecraft:water_bucket":5,"minecraft:stone_shovel":14,"minecraft:stone_pickaxe":92,"minecraft:dried_kelp":18,"minecraft:chest":1,"minecraft:wooden_pickaxe":48,"aquaculture:bluegill":2,"minecraft:salmon":3,"minecraft:torch":1,"minecraft:dirt":12,"minecraft:crafting_table":4,"minecraft:cod":2,"minecraft:oak_log":1,"minecraft:wooden_axe":55,"aquaculture:carp":1,"minecraft:iron_pickaxe":159,"aquaculture:gar":1,"minecraft:stone_axe":54,"minecraft:cobblestone":8,"minecraft:furnace":2,"minecraft:cooked_porkchop":2,"aquaculture:smallmouth_bass":3,"minecraft:bucket":6,"alexsmobs:animal_dictionary":2,"minecraft:kelp":12},"minecraft:picked_up":{"minecraft:crafting_table":3,"minecraft:water_bucket":1,"minecraft:salmon":3,"minecraft:flint":1,"minecraft:oak_log":8,"minecraft:dirt":36,"minecraft:kelp":558,"aquaculture:bluegill":2,"minecraft:raw_gold":4,"minecraft:bucket":1,"minecraft:stone_pickaxe":1,"aquaculture:gar":1,"aquaculture:smallmouth_bass":3,"minecraft:raw_iron":87,"minecraft:cooked_porkchop":2,"minecraft:torch":1,"minecraft:gravel":4,"minecraft:sand":1,"minecraft:ink_sac":6,"minecraft:spruce_log":20,"minecraft:stone_shovel":1,"aquaculture:brown_trout":1,"minecraft:bone_meal":1,"aquaculture:carp":1,"alexsmobs:maggot":1,"minecraft:cod":4,"minecraft:coal":116,"minecraft:cobblestone":56},"minecraft:dropped":{"minecraft:water_bucket":1,"alexsmobs:maggot":1,"minecraft:kelp":192,"minecraft:cod":2,"minecraft:dirt":1,"minecraft:ink_sac":2,"minecraft:wooden_axe":1,"minecraft:dried_kelp":1,"minecraft:bone_meal":1},"minecraft:killed_by":{"minecraft:drowned":1},"minecraft:broken":{"minecraft:wooden_axe":1},"minecraft:custom":{"minecraft:interact_with_furnace":23,"minecraft:mob_kills":33,"minecraft:interact_with_crafting_table":16,"minecraft:leave_game":4,"minecraft:time_since_death":58528,"minecraft:time_since_rest":58599,"minecraft:sprint_one_cm":20995,"minecraft:damage_taken":625,"minecraft:walk_one_cm":32414,"minecraft:drop":13,"minecraft:damage_dealt":1883,"minecraft:swim_one_cm":709218,"minecraft:fly_one_cm":13558,"minecraft:open_chest":20,"minecraft:crouch_one_cm":26,"minecraft:play_time":74141,"minecraft:deaths":1,"minecraft:sneak_time":6134,"minecraft:walk_under_water_one_cm":455815,"minecraft:jump":139,"minecraft:walk_on_water_one_cm":62726,"minecraft:total_world_time":74141,"minecraft:fall_one_cm":1214},"minecraft:killed":{"aquaculture:bluegill":2,"minecraft:salmon":5,"aquaculture:gar":1,"aquaculture:smallmouth_bass":3,"minecraft:cod":9,"minecraft:squid":1,"alexsmobs:catfish":1,"alexsmobs:terrapin":1,"aquaculture:brown_trout":2,"aquaculture:perch":2,"minecraft:drowned":3,"aquaculture:carp":3},"minecraft:mined":{"minecraft:kelp_plant":84,"minecraft:crafting_table":3,"minecraft:cobblestone":4,"minecraft:deepslate_coal_ore":2,"minecraft:spruce_leaves":9,"minecraft:deepslate_gold_ore":1,"minecraft:kelp":6,"minecraft:seagrass":1,"minecraft:tall_seagrass":7,"minecraft:iron_ore":82,"minecraft:ice":4,"minecraft:spruce_log":16,"minecraft:oak_log":5,"minecraft:coal_ore":128,"minecraft:deepslate_iron_ore":7,"minecraft:gravel":6,"minecraft:sand":1,"minecraft:dirt":36,"minecraft:stone":59,"minecraft:gold_ore":4}},"DataVersion":3465}