{"stats":{"minecraft:crafted":{"minecraft:oak_planks":32,"minecraft:furnace":2,"minecraft:bone_meal":54,"minecraft:iron_axe":2,"minecraft:stone_pickaxe":2,"minecraft:chest":1,"minecraft:crafting_table":3,"minecraft:spruce_planks":36,"minecraft:dried_kelp":47,"minecraft:wooden_pickaxe":2,"minecraft:stone_axe":2,"minecraft:bread":13,"minecraft:air":0,"minecraft:iron_chestplate":1,"minecraft:stick":28,"minecraft:iron_ingot":110,"minecraft:iron_pickaxe":2,"minecraft:wooden_axe":2,"minecraft:iron_leggings":1},"minecraft:used":{"minecraft:tropical_fish":1,"minecraft:stone_shovel":14,"minecraft:dried_kelp":22,"minecraft:chest":2,"aquaculture:bluegill":3,"minecraft:torch":1,"minecraft:dirt":22,"minecraft:axolotl_bucket":1,"aquaculture:red_grouper":1,"minecraft:wooden_axe":55,"minecraft:furnace":2,"minecraft:water_bucket":39,"minecraft:stone_pickaxe":175,"minecraft:ender_pearl":1,"minecraft:wooden_pickaxe":48,"minecraft:salmon":3,"minecraft:crafting_table":5,"minecraft:cod":3,"minecraft:cake":2,"minecraft:oak_log":1,"aquaculture:carp":1,"minecraft:bread":14,"minecraft:suspicious_stew":1,"minecraft:iron_pickaxe":187,"aquaculture:gar":2,"minecraft:stone_axe":130,"minecraft:cobblestone":8,"minecraft:cooked_porkchop":2,"aquaculture:smallmouth_bass":5,"minecraft:bucket":41,"alexsmobs:animal_dictionary":2,"minecraft:kelp":12},"minecraft:picked_up":{"minecraft:seagrass":2,"minecraft:charcoal":2,"minecraft:crafting_table":5,"minecraft:redstone_lamp":7,"minecraft:gold_block":1,"minecraft:stone_brick_stairs":3,"minecraft:iron_axe":1,"aquaculture:bluegill":3,"minecraft:cobbled_deepslate":1,"minecraft:bucket":1,"minecraft:spruce_planks":1,"minecraft:coal_block":1,"minecraft:chest":1,"minecraft:furnace":1,"minecraft:raw_iron":87,"minecraft:torch":1,"minecraft:spruce_stairs":1,"minecraft:note_block":7,"minecraft:redstone":10,"minecraft:prismarine_crystals":3,"minecraft:stone_shovel":1,"minecraft:tropical_fish":1,"minecraft:jungle_stairs":1,"aquaculture:brown_trout":2,"aquaculture:carp":1,"minecraft:brick_stairs":6,"minecraft:bone_block":6,"minecraft:cod":5,"alexsmobs:lobster_tail":1,"minecraft:cobblestone":69,"minecraft:repeater":11,"minecraft:andesite":1,"minecraft:water_bucket":1,"minecraft:salmon":3,"minecraft:filled_map":2,"alexsmobs:cachalot_whale_tooth":5,"minecraft:flint":1,"minecraft:oak_log":9,"minecraft:lantern":1,"minecraft:dirt":60,"minecraft:smooth_sandstone":1,"minecraft:stone_bricks":2,"minecraft:kelp":562,"minecraft:wheat_seeds":3,"minecraft:raw_gold":4,"minecraft:stone_pickaxe":2,"aquaculture:minnow":3,"minecraft:oak_planks":2,"aquaculture:atlantic_herring":1,"aquaculture:jellyfish":1,"aquaculture:smallmouth_bass":5,"aquaculture:gar":2,"minecraft:cooked_porkchop":2,"minecraft:chiseled_stone_bricks":1,"minecraft:stone_brick_slab":2,"minecraft:gravel":4,"minecraft:jungle_planks":1,"minecraft:sand":1,"aquaculture:red_grouper":1,"minecraft:ink_sac":25,"minecraft:grass_block":1,"minecraft:spruce_log":21,"minecraft:diamond_shovel":1,"minecraft:diamond":2,"minecraft:bone_meal":2,"minecraft:bread":1,"alexsmobs:maggot":1,"minecraft:coal":116,"minecraft:bricks":9,"minecraft:ender_pearl":1},"minecraft:dropped":{"minecraft:water_bucket":1,"minecraft:lantern":1,"minecraft:cod":2,"minecraft:dirt":1,"minecraft:redstone_lamp":7,"minecraft:ink_sac":9,"minecraft:repeater":11,"minecraft:wooden_axe":1,"minecraft:dried_kelp":1,"minecraft:bone_meal":56,"minecraft:redstone":10,"minecraft:note_block":7,"minecraft:bricks":9,"minecraft:kelp":194,"alexsmobs:maggot":1,"minecraft:bowl":1,"minecraft:diamond_shovel":1,"alexsmobs:cachalot_whale_tooth":2,"minecraft:carrot":5,"minecraft:filled_map":4,"minecraft:chiseled_stone_bricks":1,"minecraft:brick_stairs":6},"minecraft:killed_by":{"minecraft:drowned":1},"minecraft:broken":{"minecraft:stone_pickaxe":1,"minecraft:stone_axe":1,"minecraft:wooden_axe":1},"minecraft:custom":{"minecraft:mob_kills":61,"minecraft:interact_with_crafting_table":19,"minecraft:open_barrel":1,"minecraft:eat_cake_slice":6,"minecraft:leave_game":5,"minecraft:time_since_death":172182,"minecraft:climb_one_cm":3162,"minecraft:sprint_one_cm":58119,"minecraft:walk_one_cm":78919,"minecraft:drop":42,"minecraft:play_noteblock":20,"minecraft:play_time":187795,"minecraft:deaths":1,"minecraft:sneak_time":11365,"minecraft:walk_under_water_one_cm":1235024,"minecraft:jump":328,"minecraft:walk_on_water_one_cm":192444,"minecraft:total_world_time":187795,"minecraft:interact_with_furnace":28,"minecraft:sleep_in_bed":1,"minecraft:time_since_rest":50500,"minecraft:damage_taken":1016,"minecraft:damage_dealt":3107,"minecraft:swim_one_cm":3222558,"minecraft:fly_one_cm":50579,"minecraft:open_chest":49,"minecraft:crouch_one_cm":1248,"minecraft:fall_one_cm":5250},"minecraft:killed":{"alexsmobs:lobster":3,"aquaculture:bluegill":3,"aquaculture:red_grouper":3,"aquaculture:pink_salmon":1,"aquaculture:gar":2,"aquaculture:smallmouth_bass":5,"minecraft:cod":14,"alexsmobs:comb_jelly":1,"aquaculture:brown_trout":3,"aquaculture:perch":4,"aquaculture:atlantic_herring":2,"minecraft:drowned":3,"minecraft:turtle":1,"aquaculture:carp":3,"minecraft:salmon":5,"aquaculture:jellyfish":1,"minecraft:squid":1,"alexsmobs:catfish":1,"aquaculture:minnow":3,"aquaculture:pollock":1,"alexsmobs:terrapin":1},"minecraft:mined":{"minecraft:diamond_ore":1,"minecraft:spruce_planks":1,"minecraft:deepslate_diamond_ore":1,"minecraft:sea_lantern":1,"minecraft:granite":5,"minecraft:jungle_planks":1,"minecraft:brick_stairs":6,"minecraft:redstone_wire":12,"minecraft:coal_block":2,"minecraft:spruce_leaves":9,"minecraft:kelp":10,"minecraft:chiseled_stone_bricks":1,"minecraft:tall_seagrass":8,"minecraft:furnace":1,"minecraft:iron_ore":82,"minecraft:andesite":3,"minecraft:gold_block":1,"minecraft:deepslate_iron_ore":7,"minecraft:oak_stairs":1,"minecraft:lantern":1,"minecraft:stone":81,"minecraft:bone_block":7,"minecraft:cake":1,"minecraft:kelp_plant":98,"minecraft:stone_brick_slab":2,"minecraft:polished_granite":1,"minecraft:smooth_sandstone":1,"minecraft:crafting_table":4,"minecraft:note_block":7,"minecraft:jungle_stairs":1,"minecraft:chest":1,"minecraft:campfire":1,"minecraft:cobblestone":4,"minecraft:deepslate_coal_ore":2,"minecraft:deepslate_gold_ore":1,"minecraft:oak_planks":2,"minecraft:bricks":10,"minecraft:spruce_stairs":1,"minecraft:seagrass":7,"minecraft:repeater":11,"minecraft:ice":9,"minecraft:spruce_log":16,"minecraft:stone_brick_stairs":3,"minecraft:grass":4,"minecraft:oak_log":9,"minecraft:coal_ore":128,"minecraft:gravel":8,"minecraft:sand":1,"minecraft:dirt":63,"minecraft:stone_bricks":3,"minecraft:gold_ore":4,"minecraft:deepslate":1,"minecraft:redstone_lamp":14}},"DataVersion":3465}