{"stats":{"minecraft:crafted":{"minecraft:oak_door":3,"minecraft:oak_planks":146,"minecraft:stone_shovel":1,"minecraft:crafting_table":1,"minecraft:spruce_planks":52,"minecraft:cooked_chicken":1,"minecraft:furnace":1,"minecraft:stone_axe":1,"minecraft:air":0,"minecraft:iron_chestplate":1,"minecraft:stick":44,"minecraft:iron_ingot":19,"minecraft:iron_pickaxe":1,"minecraft:stone_pickaxe":3,"minecraft:iron_leggings":1,"minecraft:chest":2,"minecraft:torch":144},"minecraft:used":{"minecraft:stone_shovel":126,"minecraft:stone_pickaxe":99,"minecraft:oak_planks":95,"minecraft:chest":2,"minecraft:cooked_chicken":1,"minecraft:rotten_flesh":7,"minecraft:oak_door":2,"minecraft:torch":98,"minecraft:glow_berries":3,"minecraft:dirt":43,"minecraft:crafting_table":3,"minecraft:carrot":1,"minecraft:bread":1,"minecraft:iron_pickaxe":15,"minecraft:spruce_sapling":4,"minecraft:stone_axe":114,"minecraft:cobblestone":127,"minecraft:furnace":1,"alexsmobs:animal_dictionary":2,"minecraft:egg":1,"minecraft:cobbled_deepslate":32},"minecraft:picked_up":{"minecraft:crafting_table":2,"minecraft:feather":4,"minecraft:chicken":2,"minecraft:clay_ball":280,"minecraft:andesite":121,"minecraft:oak_log":37,"minecraft:lapis_lazuli":28,"minecraft:dirt":69,"minecraft:raw_copper":12,"minecraft:raw_gold":12,"minecraft:cobbled_deepslate":173,"alexsmobs:cockroach_wing_fragment":1,"minecraft:stone_pickaxe":1,"minecraft:moss_block":1,"minecraft:oak_planks":51,"minecraft:egg":1,"minecraft:stick":4,"minecraft:raw_iron":19,"minecraft:oak_door":1,"minecraft:torch":5,"minecraft:dried_kelp":1,"minecraft:spruce_sapling":8,"minecraft:carrot":1,"minecraft:diorite":5,"minecraft:spruce_log":13,"minecraft:rotten_flesh":1,"minecraft:arrow":2,"minecraft:stone_shovel":1,"minecraft:diamond":1,"minecraft:stone_axe":1,"minecraft:bread":1,"minecraft:glow_berries":1,"minecraft:coal":67,"minecraft:cobblestone":630},"minecraft:dropped":{"minecraft:dried_kelp":1},"minecraft:custom":{"minecraft:interact_with_furnace":19,"minecraft:mob_kills":8,"minecraft:interact_with_crafting_table":16,"minecraft:leave_game":2,"minecraft:time_since_death":47534,"minecraft:climb_one_cm":1145,"minecraft:time_since_rest":47608,"minecraft:sprint_one_cm":47527,"minecraft:damage_taken":557,"minecraft:walk_one_cm":337340,"minecraft:drop":1,"minecraft:damage_dealt":1087,"minecraft:swim_one_cm":11224,"minecraft:fly_one_cm":25986,"minecraft:open_chest":23,"minecraft:crouch_one_cm":14523,"minecraft:play_time":76429,"minecraft:deaths":1,"minecraft:sneak_time":3453,"minecraft:walk_under_water_one_cm":4831,"minecraft:jump":782,"minecraft:interact_with_blast_furnace":1,"minecraft:walk_on_water_one_cm":23023,"minecraft:total_world_time":76429,"minecraft:fall_one_cm":8977},"minecraft:killed":{"minecraft:skeleton":1,"minecraft:zombie":4,"alexsmobs:cockroach":1,"minecraft:chicken":1},"minecraft:mined":{"minecraft:deepslate_diamond_ore":1,"minecraft:oak_door":1,"minecraft:clay":70,"minecraft:crafting_table":2,"minecraft:torch":1,"minecraft:cave_vines_plant":2,"minecraft:grass_block":43,"minecraft:copper_ore":3,"minecraft:cobblestone":9,"minecraft:deepslate_gold_ore":12,"minecraft:spruce_leaves":16,"minecraft:lapis_ore":5,"minecraft:oak_planks":27,"minecraft:moss_block":1,"minecraft:diorite":10,"minecraft:wall_torch":2,"minecraft:large_fern":4,"minecraft:spruce_sapling":1,"minecraft:iron_ore":13,"minecraft:cobbled_deepslate":5,"minecraft:spruce_log":13,"minecraft:andesite":121,"minecraft:deepslate_iron_ore":4,"minecraft:coal_ore":54,"minecraft:oak_log":37,"minecraft:cave_vines":3,"minecraft:vine":4,"minecraft:dirt":15,"minecraft:stone":642,"minecraft:oak_leaves":7,"minecraft:deepslate":181}},"DataVersion":3465}