{"stats":{"minecraft:used":{"alexsmobs:animal_dictionary":1},"minecraft:custom":{"minecraft:jump":12,"minecraft:time_since_rest":4147,"minecraft:damage_dealt":91,"minecraft:leave_game":1,"minecraft:damage_taken":170,"minecraft:play_time":4147,"minecraft:walk_on_water_one_cm":4990,"minecraft:time_since_death":4147,"minecraft:walk_one_cm":5488,"minecraft:total_world_time":4147,"minecraft:walk_under_water_one_cm":1546,"minecraft:swim_one_cm":2040,"minecraft:fall_one_cm":335,"minecraft:fly_one_cm":139}},"DataVersion":3465}