{"stats":{"minecraft:crafted":{"minecraft:oak_planks":146,"minecraft:stone_shovel":1,"minecraft:crafting_table":1,"minecraft:spruce_planks":24,"minecraft:furnace":1,"minecraft:stone_axe":1,"minecraft:air":0,"minecraft:iron_chestplate":1,"minecraft:stick":28,"minecraft:iron_ingot":17,"minecraft:stone_pickaxe":1,"minecraft:iron_leggings":1,"minecraft:chest":2,"minecraft:torch":92},"minecraft:used":{"minecraft:stone_shovel":126,"minecraft:stone_pickaxe":87,"minecraft:oak_planks":95,"minecraft:chest":2,"minecraft:rotten_flesh":4,"minecraft:torch":68,"minecraft:glow_berries":3,"minecraft:dirt":43,"minecraft:crafting_table":3,"minecraft:carrot":1,"minecraft:bread":1,"minecraft:spruce_sapling":4,"minecraft:stone_axe":93,"minecraft:cobblestone":117,"minecraft:furnace":1,"alexsmobs:animal_dictionary":2,"minecraft:egg":1},"minecraft:picked_up":{"minecraft:crafting_table":2,"minecraft:feather":4,"minecraft:chicken":2,"minecraft:clay_ball":280,"minecraft:andesite":121,"minecraft:oak_log":37,"minecraft:lapis_lazuli":28,"minecraft:dirt":69,"minecraft:raw_copper":12,"minecraft:cobbled_deepslate":44,"alexsmobs:cockroach_wing_fragment":1,"minecraft:stone_pickaxe":1,"minecraft:moss_block":1,"minecraft:oak_planks":51,"minecraft:egg":1,"minecraft:stick":4,"minecraft:raw_iron":17,"minecraft:torch":4,"minecraft:dried_kelp":1,"minecraft:spruce_sapling":8,"minecraft:carrot":1,"minecraft:diorite":5,"minecraft:spruce_log":6,"minecraft:rotten_flesh":1,"minecraft:arrow":2,"minecraft:stone_shovel":1,"minecraft:stone_axe":1,"minecraft:bread":1,"minecraft:glow_berries":1,"minecraft:coal":67,"minecraft:cobblestone":619},"minecraft:dropped":{"minecraft:dried_kelp":1},"minecraft:custom":{"minecraft:interact_with_furnace":11,"minecraft:mob_kills":5,"minecraft:interact_with_crafting_table":11,"minecraft:leave_game":1,"minecraft:time_since_death":28623,"minecraft:climb_one_cm":1145,"minecraft:time_since_rest":28697,"minecraft:sprint_one_cm":35755,"minecraft:damage_taken":482,"minecraft:walk_one_cm":249969,"minecraft:drop":1,"minecraft:damage_dealt":486,"minecraft:swim_one_cm":11224,"minecraft:fly_one_cm":22759,"minecraft:open_chest":17,"minecraft:crouch_one_cm":11634,"minecraft:play_time":57518,"minecraft:deaths":1,"minecraft:sneak_time":2781,"minecraft:walk_under_water_one_cm":4831,"minecraft:jump":542,"minecraft:interact_with_blast_furnace":1,"minecraft:walk_on_water_one_cm":23023,"minecraft:total_world_time":57518,"minecraft:fall_one_cm":8230},"minecraft:killed":{"minecraft:skeleton":1,"minecraft:zombie":1,"alexsmobs:cockroach":1,"minecraft:chicken":1},"minecraft:mined":{"minecraft:clay":70,"minecraft:crafting_table":2,"minecraft:cave_vines_plant":2,"minecraft:grass_block":43,"minecraft:copper_ore":3,"minecraft:cobblestone":2,"minecraft:spruce_leaves":14,"minecraft:lapis_ore":5,"minecraft:oak_planks":27,"minecraft:moss_block":1,"minecraft:diorite":10,"minecraft:wall_torch":1,"minecraft:large_fern":4,"minecraft:spruce_sapling":1,"minecraft:iron_ore":13,"minecraft:spruce_log":6,"minecraft:andesite":121,"minecraft:deepslate_iron_ore":2,"minecraft:coal_ore":54,"minecraft:oak_log":37,"minecraft:cave_vines":3,"minecraft:vine":4,"minecraft:dirt":15,"minecraft:stone":638,"minecraft:oak_leaves":7,"minecraft:deepslate":44}},"DataVersion":3465}