{"stats":{"minecraft:crafted":{"minecraft:oak_planks":146,"minecraft:stone_shovel":1,"minecraft:crafting_table":1,"minecraft:spruce_planks":24,"minecraft:stick":12,"minecraft:stone_pickaxe":1,"minecraft:chest":2,"minecraft:torch":28,"minecraft:stone_axe":1},"minecraft:used":{"minecraft:bread":1,"minecraft:stone_shovel":45,"minecraft:stone_pickaxe":20,"minecraft:oak_planks":95,"minecraft:chest":2,"minecraft:spruce_sapling":4,"minecraft:torch":29,"minecraft:stone_axe":74,"minecraft:dirt":43,"minecraft:crafting_table":3,"alexsmobs:animal_dictionary":2},"minecraft:picked_up":{"minecraft:stick":1,"minecraft:crafting_table":2,"minecraft:torch":1,"minecraft:dried_kelp":1,"minecraft:oak_log":37,"minecraft:spruce_sapling":4,"minecraft:spruce_log":6,"minecraft:dirt":45,"minecraft:arrow":1,"minecraft:bread":1,"minecraft:oak_planks":26,"minecraft:coal":20,"minecraft:cobblestone":10},"minecraft:dropped":{"minecraft:dried_kelp":1},"minecraft:custom":{"minecraft:time_since_rest":27518,"minecraft:interact_with_furnace":1,"minecraft:sprint_one_cm":29022,"minecraft:damage_taken":240,"minecraft:walk_one_cm":135485,"minecraft:drop":1,"minecraft:damage_dealt":91,"minecraft:swim_one_cm":11224,"minecraft:interact_with_crafting_table":7,"minecraft:fly_one_cm":17353,"minecraft:open_chest":7,"minecraft:crouch_one_cm":7072,"minecraft:play_time":27518,"minecraft:sneak_time":1311,"minecraft:walk_under_water_one_cm":4114,"minecraft:jump":242,"minecraft:leave_game":1,"minecraft:time_since_death":27518,"minecraft:walk_on_water_one_cm":20409,"minecraft:total_world_time":27518,"minecraft:fall_one_cm":4297},"minecraft:mined":{"minecraft:large_fern":4,"minecraft:spruce_sapling":1,"minecraft:spruce_log":6,"minecraft:crafting_table":2,"minecraft:oak_log":37,"minecraft:grass_block":39,"minecraft:coal_ore":20,"minecraft:dirt":6,"minecraft:spruce_leaves":6,"minecraft:stone":10,"minecraft:oak_planks":27,"minecraft:oak_leaves":7,"minecraft:wall_torch":1}},"DataVersion":3465}