{"stats":{"minecraft:crafted":{"minecraft:oak_planks":146,"minecraft:stone_axe":1,"minecraft:crafting_table":1,"minecraft:stick":4,"minecraft:stone_pickaxe":1},"minecraft:picked_up":{"minecraft:crafting_table":1,"minecraft:dried_kelp":1,"minecraft:oak_log":37,"minecraft:bread":1,"minecraft:coal":20,"minecraft:cobblestone":10},"minecraft:used":{"minecraft:stone_axe":40,"minecraft:crafting_table":1,"minecraft:bread":1,"minecraft:stone_pickaxe":20,"alexsmobs:animal_dictionary":2},"minecraft:dropped":{"minecraft:dried_kelp":1},"minecraft:custom":{"minecraft:open_chest":3,"minecraft:time_since_rest":15518,"minecraft:interact_with_furnace":1,"minecraft:crouch_one_cm":1137,"minecraft:play_time":15518,"minecraft:sprint_one_cm":17207,"minecraft:damage_taken":180,"minecraft:walk_one_cm":65724,"minecraft:sneak_time":219,"minecraft:walk_under_water_one_cm":4114,"minecraft:drop":1,"minecraft:jump":135,"minecraft:damage_dealt":91,"minecraft:walk_on_water_one_cm":20409,"minecraft:time_since_death":15518,"minecraft:leave_game":1,"minecraft:total_world_time":15518,"minecraft:swim_one_cm":11224,"minecraft:interact_with_crafting_table":1,"minecraft:fall_one_cm":2193,"minecraft:fly_one_cm":10374},"minecraft:mined":{"minecraft:coal_ore":20,"minecraft:oak_log":37,"minecraft:stone":10,"minecraft:crafting_table":1,"minecraft:oak_leaves":7}},"DataVersion":3465}