{"stats":{"minecraft:picked_up":{"minecraft:iron_chestplate":2,"minecraft:crafting_table":3,"minecraft:wheat":30,"minecraft:chicken":13,"minecraft:clay_ball":280,"minecraft:flower_pot":7,"minecraft:diamond_sword":2,"minecraft:pink_wool":1,"minecraft:potion":2,"minecraft:dark_oak_trapdoor":6,"minecraft:soul_soil":1,"minecraft:raw_copper":37,"minecraft:iron_axe":4,"minecraft:red_nether_bricks":7,"minecraft:iron_leggings":2,"minecraft:white_carpet":3,"minecraft:cyan_carpet":3,"minecraft:cartography_table":3,"aquaculture:bluegill":1,"minecraft:cobbled_deepslate":501,"minecraft:spruce_planks":74,"minecraft:beef":76,"minecraft:player_head":13,"minecraft:cyan_wool":1,"minecraft:calcite":6,"minecraft:iron_pickaxe":2,"minecraft:light_gray_wool":2,"alexsmobs:raccoon_tail":2,"minecraft:sugar_cane":32,"minecraft:smooth_quartz_stairs":3,"minecraft:iron_boots":2,"minecraft:egg":3,"minecraft:raw_iron":19,"minecraft:stick":19,"minecraft:oak_door":1,"minecraft:torch":21,"aquaculture:perch":1,"minecraft:porkchop":34,"minecraft:dried_kelp":1,"minecraft:diorite":6,"minecraft:mangrove_sign":1,"minecraft:carrot":133,"minecraft:redstone":53,"minecraft:golden_chestplate":4,"minecraft:cauldron":3,"minecraft:dark_oak_planks":11,"minecraft:arrow":12,"minecraft:stone_shovel":6,"minecraft:rotten_flesh":67,"minecraft:pumpkin_pie":6,"minecraft:stripped_dark_oak_wood":1,"minecraft:gold_ingot":3,"minecraft:glistering_melon_slice":8,"minecraft:glow_berries":1,"minecraft:obsidian":5,"minecraft:mutton":48,"alexsmobs:kangaroo_meat":4,"minecraft:white_wool":48,"minecraft:cobblestone":915,"minecraft:feather":13,"minecraft:cooked_beef":34,"aquaculture:tuna":2,"minecraft:water_bucket":3,"minecraft:andesite":136,"minecraft:leather":36,"minecraft:potato":132,"minecraft:birch_planks":3,"minecraft:tuff":68,"minecraft:oak_log":183,"minecraft:gunpowder":14,"minecraft:mangrove_slab":1,"minecraft:lapis_lazuli":75,"minecraft:stripped_birch_log":2,"minecraft:dirt":130,"minecraft:lantern":4,"minecraft:name_tag":2,"minecraft:purple_carpet":3,"minecraft:bone":14,"minecraft:light_blue_banner":1,"minecraft:apple":6,"minecraft:stonecutter":2,"minecraft:wheat_seeds":62,"minecraft:raw_gold":12,"alexsmobs:cockroach_wing_fragment":1,"minecraft:spore_blossom":2,"minecraft:grindstone":1,"minecraft:iron_ingot":17,"minecraft:stone_pickaxe":3,"minecraft:dark_oak_sign":1,"aquaculture:minnow":4,"minecraft:cyan_candle":6,"minecraft:moss_block":2,"minecraft:iron_sword":4,"minecraft:oak_planks":252,"minecraft:dark_oak_stairs":1,"minecraft:book":114,"aquaculture:smallmouth_bass":1,"minecraft:cooked_porkchop":26,"minecraft:spruce_sapling":19,"minecraft:red_banner":1,"minecraft:blast_furnace":1,"minecraft:white_bed":1,"minecraft:spruce_log":217,"minecraft:loom":2,"minecraft:gold_ore":8,"minecraft:spider_eye":2,"minecraft:mossy_cobblestone":1,"minecraft:firework_rocket":33,"minecraft:purple_bed":1,"minecraft:diamond":3,"minecraft:stone_axe":3,"minecraft:soul_lantern":2,"minecraft:granite":8,"minecraft:painting":1,"minecraft:golden_apple":1,"minecraft:emerald":13,"minecraft:bread":20,"minecraft:coal":229},"minecraft:dropped":{"minecraft:water_bucket":1,"minecraft:gold_ore":2,"minecraft:bread":13,"minecraft:iron_sword":2,"minecraft:wheat_seeds":2,"minecraft:cooked_beef":2,"minecraft:diamond":1,"minecraft:spore_blossom":1,"alexsmobs:kangaroo_meat":2,"minecraft:cobblestone":73,"minecraft:book":12,"minecraft:apple":6,"minecraft:coal":9,"minecraft:dirt":3,"minecraft:torch":5,"minecraft:potion":1,"minecraft:dried_kelp":1,"minecraft:pumpkin_pie":3,"minecraft:iron_axe":2,"minecraft:glistering_melon_slice":5,"minecraft:iron_pickaxe":1,"minecraft:light_blue_banner":1,"minecraft:cauldron":1,"minecraft:gold_ingot":3,"minecraft:bone":2,"minecraft:player_head":2,"minecraft:golden_chestplate":2,"minecraft:wheat":8,"minecraft:obsidian":5,"minecraft:stone_shovel":1,"minecraft:oak_planks":37,"minecraft:carrot":5,"aquaculture:tuna":1,"minecraft:flower_pot":1,"minecraft:spruce_planks":30,"minecraft:cartography_table":1,"minecraft:firework_rocket":33},"minecraft:used":{"minecraft:stone_shovel":138,"minecraft:chest":7,"minecraft:spruce_planks":6,"minecraft:iron_sword":32,"minecraft:cooked_chicken":1,"minecraft:oak_door":2,"minecraft:rotten_flesh":11,"minecraft:player_head":3,"minecraft:iron_chestplate":1,"minecraft:torch":182,"minecraft:dirt":69,"minecraft:carrot":99,"minecraft:dark_oak_planks":2,"minecraft:stripped_dark_oak_wood":1,"minecraft:iron_boots":1,"minecraft:golden_carrot":1,"minecraft:furnace":2,"minecraft:egg":1,"minecraft:cooked_beef":21,"minecraft:potato":43,"minecraft:cobbled_deepslate":104,"minecraft:iron_leggings":1,"minecraft:calcite":5,"minecraft:wheat_seeds":22,"minecraft:stone_pickaxe":257,"minecraft:oak_planks":100,"minecraft:sugar_cane":1,"minecraft:glow_berries":3,"minecraft:crafting_table":7,"minecraft:white_bed":2,"minecraft:bread":12,"minecraft:iron_pickaxe":44,"minecraft:spruce_sapling":4,"minecraft:stone_axe":764,"minecraft:diamond_sword":202,"minecraft:cobblestone":160,"alexsmobs:animal_dictionary":2},"minecraft:killed_by":{"minecraft:husk":1,"minecraft:player":1,"minecraft:piglin_brute":1,"minecraft:creeper":1,"minecraft:skeleton":2,"alexsmobs:grizzly_bear":2,"cave_dweller:cave_dweller":1},"minecraft:killed":{"aquaculture:bluegill":1,"alexsmobs:raccoon":2,"minecraft:spider":1,"aquaculture:smallmouth_bass":1,"alexsmobs:tasmanian_devil":1,"minecraft:skeleton":6,"alexsmobs:blue_jay":2,"minecraft:chicken":10,"aquaculture:perch":1,"minecraft:husk":34,"minecraft:pig":12,"minecraft:zombie_villager":1,"minecraft:creeper":2,"minecraft:sheep":26,"aquaculture:minnow":3,"minecraft:zombie":13,"alexsmobs:cockroach":1,"minecraft:enderman":1,"minecraft:cow":22},"minecraft:broken":{"minecraft:stone_pickaxe":1,"minecraft:stone_axe":7},"minecraft:crafted":{"minecraft:oak_door":3,"minecraft:oak_planks":506,"minecraft:stone_shovel":5,"minecraft:cooked_chicken":1,"minecraft:furnace":2,"minecraft:cooked_mutton":22,"minecraft:iron_boots":1,"minecraft:stone_pickaxe":6,"minecraft:chest":7,"minecraft:cooked_beef":45,"minecraft:cooked_porkchop":13,"minecraft:crafting_table":5,"minecraft:spruce_planks":868,"minecraft:iron_helmet":1,"minecraft:stone_axe":8,"minecraft:bread":2,"minecraft:air":0,"minecraft:iron_chestplate":2,"minecraft:stick":88,"minecraft:iron_ingot":19,"minecraft:iron_pickaxe":1,"minecraft:iron_leggings":2,"minecraft:white_bed":1,"minecraft:torch":212},"minecraft:mined":{"minecraft:dark_oak_planks":4,"minecraft:tuff":68,"minecraft:spruce_planks":14,"minecraft:white_bed":1,"minecraft:deepslate_diamond_ore":2,"minecraft:oak_door":1,"minecraft:red_nether_bricks":7,"minecraft:potted_crimson_fungus":2,"minecraft:cave_vines_plant":2,"minecraft:granite":8,"minecraft:grass_block":66,"minecraft:soul_campfire":1,"minecraft:spruce_leaves":132,"minecraft:cartography_table":1,"minecraft:moss_block":2,"minecraft:spawner":3,"minecraft:large_fern":9,"minecraft:spruce_sapling":1,"minecraft:carrots":45,"minecraft:dark_oak_trapdoor":1,"minecraft:iron_ore":13,"minecraft:cobbled_deepslate":5,"minecraft:andesite":136,"minecraft:deepslate_lapis_ore":8,"minecraft:stripped_dark_oak_wood":1,"minecraft:potatoes":36,"minecraft:bookshelf":34,"minecraft:vine":4,"minecraft:cave_vines":3,"minecraft:deepslate_iron_ore":4,"minecraft:lantern":4,"minecraft:purple_carpet":3,"minecraft:smooth_quartz_stairs":2,"minecraft:potted_cornflower":2,"minecraft:stone":762,"minecraft:player_head":2,"minecraft:deepslate_redstone_ore":12,"minecraft:potted_brown_mushroom":1,"minecraft:player_wall_head":3,"minecraft:soul_lantern":2,"minecraft:clay":70,"minecraft:crafting_table":3,"minecraft:torch":4,"minecraft:blast_furnace":1,"minecraft:calcite":6,"minecraft:mushroom_stem":4,"minecraft:copper_ore":10,"minecraft:potted_oxeye_daisy":1,"minecraft:cobblestone":11,"minecraft:oak_planks":28,"minecraft:deepslate_gold_ore":12,"minecraft:lapis_ore":5,"minecraft:grindstone":1,"minecraft:sugar_cane":9,"minecraft:wall_torch":5,"minecraft:diorite":11,"minecraft:cyan_wool":1,"minecraft:purple_bed":1,"minecraft:birch_planks":2,"minecraft:wheat":24,"minecraft:lava_cauldron":2,"minecraft:spruce_log":219,"minecraft:white_carpet":3,"minecraft:grass":9,"minecraft:mangrove_slab":1,"minecraft:coal_ore":143,"minecraft:oak_log":128,"minecraft:loom":2,"minecraft:dirt":32,"minecraft:stonecutter":2,"minecraft:deepslate":513,"minecraft:oak_leaves":12,"minecraft:cyan_candle":2,"minecraft:fern":1},"minecraft:custom":{"minecraft:mob_kills":145,"minecraft:interact_with_crafting_table":43,"minecraft:open_barrel":6,"minecraft:eat_cake_slice":2,"minecraft:leave_game":16,"minecraft:time_since_death":34175,"minecraft:climb_one_cm":6009,"minecraft:sprint_one_cm":707720,"minecraft:walk_one_cm":1131108,"minecraft:drop":44,"minecraft:talked_to_villager":1,"minecraft:play_time":319083,"minecraft:sneak_time":5794,"minecraft:deaths":14,"minecraft:walk_under_water_one_cm":24615,"minecraft:jump":6191,"minecraft:interact_with_blast_furnace":2,"minecraft:walk_on_water_one_cm":65952,"minecraft:total_world_time":319083,"minecraft:interact_with_furnace":44,"minecraft:sleep_in_bed":8,"minecraft:time_since_rest":21067,"minecraft:damage_taken":6495,"minecraft:damage_dealt":25480,"minecraft:swim_one_cm":145271,"minecraft:fly_one_cm":446959,"minecraft:open_chest":155,"minecraft:crouch_one_cm":20538,"minecraft:fall_one_cm":76432}},"DataVersion":3465}