{"stats":{"minecraft:crafted":{"minecraft:oak_planks":146,"minecraft:stone_shovel":1,"minecraft:crafting_table":1,"minecraft:spruce_planks":24,"minecraft:stick":20,"minecraft:stone_pickaxe":1,"minecraft:chest":2,"minecraft:torch":60,"minecraft:stone_axe":1},"minecraft:used":{"minecraft:bread":1,"minecraft:stone_shovel":54,"minecraft:stone_pickaxe":36,"minecraft:oak_planks":95,"minecraft:chest":2,"minecraft:spruce_sapling":4,"minecraft:torch":45,"minecraft:stone_axe":83,"minecraft:dirt":43,"minecraft:cobblestone":56,"minecraft:crafting_table":3,"minecraft:egg":1,"alexsmobs:animal_dictionary":2},"minecraft:picked_up":{"minecraft:stick":1,"minecraft:crafting_table":2,"minecraft:feather":4,"minecraft:chicken":2,"minecraft:andesite":42,"minecraft:torch":4,"minecraft:dried_kelp":1,"minecraft:oak_log":37,"minecraft:spruce_sapling":4,"minecraft:diorite":5,"minecraft:spruce_log":6,"minecraft:dirt":67,"minecraft:raw_copper":12,"minecraft:arrow":1,"minecraft:stone_shovel":1,"minecraft:stone_axe":1,"minecraft:stone_pickaxe":1,"minecraft:bread":1,"minecraft:oak_planks":51,"minecraft:coal":43,"minecraft:cobblestone":401,"minecraft:egg":1},"minecraft:dropped":{"minecraft:dried_kelp":1},"minecraft:custom":{"minecraft:time_since_rest":10697,"minecraft:interact_with_furnace":1,"minecraft:sprint_one_cm":33658,"minecraft:damage_taken":327,"minecraft:walk_one_cm":171928,"minecraft:mob_kills":2,"minecraft:drop":1,"minecraft:damage_dealt":136,"minecraft:swim_one_cm":11224,"minecraft:interact_with_crafting_table":7,"minecraft:fly_one_cm":22392,"minecraft:open_chest":8,"minecraft:crouch_one_cm":10655,"minecraft:play_time":39518,"minecraft:deaths":1,"minecraft:sneak_time":2341,"minecraft:walk_under_water_one_cm":4831,"minecraft:jump":312,"minecraft:leave_game":1,"minecraft:time_since_death":10623,"minecraft:walk_on_water_one_cm":23023,"minecraft:total_world_time":39518,"minecraft:fall_one_cm":6401},"minecraft:killed":{"minecraft:chicken":1},"minecraft:mined":{"minecraft:large_fern":4,"minecraft:spruce_sapling":1,"minecraft:spruce_log":6,"minecraft:andesite":42,"minecraft:crafting_table":2,"minecraft:oak_log":37,"minecraft:grass_block":41,"minecraft:coal_ore":31,"minecraft:dirt":15,"minecraft:cobblestone":1,"minecraft:copper_ore":3,"minecraft:spruce_leaves":13,"minecraft:stone":421,"minecraft:oak_planks":27,"minecraft:diorite":10,"minecraft:oak_leaves":7,"minecraft:wall_torch":1}},"DataVersion":3465}