{"stats":{"minecraft:dropped":{"minecraft:iron_sword":1,"minecraft:stone_axe":1,"minecraft:cooked_chicken":2,"alexsmobs:animal_dictionary":1,"minecraft:cobbled_deepslate":109,"minecraft:crafting_table":2,"minecraft:beetroot":60,"minecraft:feather":1,"minecraft:iron_helmet":1,"minecraft:oak_planks":54,"minecraft:iron_boots":1,"aquaculture:minnow":1,"minecraft:coal":16,"minecraft:stick":4,"minecraft:diamond_sword":1,"minecraft:gray_wool":1,"minecraft:shield":1,"minecraft:torch":60,"minecraft:spruce_planks":32,"minecraft:iron_chestplate":1,"minecraft:iron_leggings":1,"minecraft:arrow":4,"minecraft:stone_pickaxe":2,"minecraft:iron_pickaxe":1,"minecraft:white_wool":1,"minecraft:egg":1,"minecraft:black_wool":1,"minecraft:bone":4},"minecraft:picked_up":{"minecraft:stripped_oak_log":2,"minecraft:crafting_table":2,"minecraft:iron_chestplate":2,"minecraft:feather":1,"minecraft:ladder":11,"minecraft:glow_ink_sac":8,"minecraft:chest_minecart":4,"minecraft:diamond_sword":2,"minecraft:tuff":38,"minecraft:shield":1,"minecraft:gunpowder":2,"minecraft:string":3,"minecraft:cooked_salmon":3,"minecraft:iron_leggings":2,"minecraft:bone":6,"minecraft:beetroot":60,"minecraft:wheat_seeds":4,"minecraft:cobbled_deepslate_wall":5,"minecraft:cobbled_deepslate":429,"minecraft:raw_gold":14,"minecraft:spruce_planks":32,"minecraft:stone_pickaxe":3,"minecraft:cooked_chicken":2,"aquaculture:minnow":1,"minecraft:iron_pickaxe":4,"minecraft:powered_rail":1,"minecraft:iron_sword":1,"minecraft:oak_planks":58,"minecraft:iron_boots":1,"minecraft:egg":1,"minecraft:stick":4,"minecraft:sweet_berries":28,"minecraft:torch":94,"alexsmobs:animal_dictionary":1,"minecraft:pumpkin_seeds":2,"minecraft:arrow":4,"minecraft:rotten_flesh":3,"minecraft:stone_axe":4,"minecraft:beetroot_seeds":62,"minecraft:diamond_boots":1,"minecraft:iron_helmet":2,"minecraft:gray_wool":1,"minecraft:bread":1,"minecraft:baked_potato":12,"minecraft:black_wool":1,"minecraft:coal":16,"minecraft:rail":29,"minecraft:white_wool":1,"minecraft:cobblestone":2},"minecraft:killed_by":{"cave_dweller:cave_dweller":1},"minecraft:used":{"minecraft:diamond_boots":1,"minecraft:stone_pickaxe":124,"minecraft:baked_potato":4,"minecraft:ladder":2,"minecraft:rotten_flesh":22,"minecraft:iron_chestplate":1,"minecraft:torch":48,"minecraft:rail":1,"minecraft:tuff":25,"minecraft:iron_pickaxe":19,"minecraft:iron_helmet":1,"minecraft:stone_axe":38,"minecraft:diamond_sword":95,"minecraft:sweet_berries":22,"minecraft:cooked_porkchop":1,"minecraft:chest_minecart":1,"minecraft:cobbled_deepslate":135,"minecraft:iron_leggings":1},"minecraft:killed":{"minecraft:cave_spider":9,"minecraft:creeper":1,"minecraft:skeleton":1,"minecraft:zombie":2},"minecraft:broken":{"minecraft:stone_pickaxe":1},"minecraft:crafted":{"minecraft:oak_planks":8,"minecraft:cooked_porkchop":1,"minecraft:baked_potato":12,"minecraft:cooked_salmon":3,"minecraft:air":0,"minecraft:stick":4,"minecraft:torch":16},"minecraft:mined":{"minecraft:tuff":5,"minecraft:oak_fence":2,"minecraft:torch":2,"minecraft:cobblestone":2,"minecraft:deepslate_gold_ore":14,"minecraft:oak_planks":18,"minecraft:wall_torch":4,"minecraft:cobbled_deepslate":61,"minecraft:sweet_berry_bush":9,"minecraft:grass":14,"minecraft:deepslate_iron_ore":1,"minecraft:rail":29,"minecraft:gravel":13,"minecraft:stripped_oak_log":2,"minecraft:cobweb":51,"minecraft:deepslate":164},"minecraft:custom":{"minecraft:interact_with_furnace":8,"minecraft:mob_kills":13,"minecraft:interact_with_crafting_table":8,"minecraft:open_barrel":21,"minecraft:leave_game":5,"minecraft:time_since_death":43439,"minecraft:sleep_in_bed":6,"minecraft:climb_one_cm":4185,"minecraft:time_since_rest":30863,"minecraft:sprint_one_cm":97356,"minecraft:damage_taken":647,"minecraft:walk_one_cm":445883,"minecraft:drop":76,"minecraft:damage_dealt":2526,"minecraft:swim_one_cm":29075,"minecraft:fly_one_cm":61470,"minecraft:open_chest":61,"minecraft:crouch_one_cm":20341,"minecraft:play_time":98702,"minecraft:deaths":1,"minecraft:sneak_time":7205,"minecraft:walk_under_water_one_cm":5112,"minecraft:jump":1141,"minecraft:walk_on_water_one_cm":2545,"minecraft:total_world_time":98702,"minecraft:interact_with_smoker":12,"minecraft:fall_one_cm":7910}},"DataVersion":3465}