{"stats":{"minecraft:crafted":{"minecraft:oak_planks":28,"minecraft:raw_iron":9,"minecraft:coal":18,"minecraft:furnace":2,"minecraft:cooked_mutton":7,"minecraft:iron_boots":1,"minecraft:stone_pickaxe":1,"minecraft:golden_helmet":1,"minecraft:cooked_beef":2,"minecraft:crafting_table":2,"minecraft:stone_axe":1,"minecraft:iron_chestplate":1,"minecraft:stick":32,"minecraft:iron_ingot":19,"minecraft:iron_pickaxe":1,"minecraft:wooden_axe":1,"minecraft:torch":88},"minecraft:used":{"minecraft:stone_sword":7,"minecraft:player_head":1,"minecraft:iron_chestplate":1,"minecraft:torch":87,"minecraft:wooden_axe":14,"minecraft:iron_boots":1,"minecraft:raw_copper_block":2,"minecraft:bow":2,"minecraft:beef":3,"minecraft:furnace":2,"minecraft:cooked_beef":2,"minecraft:cobbled_deepslate":28,"alexsmobs:blobfish":1,"minecraft:cooked_mutton":7,"aquaculture:atlantic_herring":1,"minecraft:stone_pickaxe":55,"aquaculture:arapaima":1,"minecraft:crafting_table":8,"minecraft:red_bed":2,"minecraft:bread":16,"minecraft:iron_pickaxe":41,"minecraft:golden_helmet":1,"minecraft:stone_axe":106,"minecraft:cobblestone":84,"minecraft:andesite":17,"alexsmobs:animal_dictionary":1,"aquaculture:brown_shrooma":1,"minecraft:wither_rose":1},"minecraft:picked_up":{"minecraft:wooden_axe":1,"minecraft:crafting_table":16,"minecraft:iron_chestplate":2,"minecraft:wheat":2,"minecraft:smithing_table":4,"minecraft:enchanted_book":2,"minecraft:string":3,"minecraft:red_bed":6,"minecraft:raw_copper":22,"minecraft:iron_leggings":1,"minecraft:beetroot":4,"minecraft:cobbled_deepslate":349,"minecraft:beef":14,"minecraft:player_head":4,"minecraft:iron_pickaxe":3,"minecraft:lectern":4,"minecraft:coal_block":7,"minecraft:iron_boots":1,"minecraft:raw_copper_block":6,"minecraft:furnace":5,"minecraft:golden_helmet":1,"minecraft:stick":13,"minecraft:raw_iron":20,"minecraft:raw_gold_block":2,"minecraft:torch":53,"minecraft:arrow":12,"minecraft:stone_sword":3,"minecraft:rotten_flesh":9,"minecraft:beetroot_seeds":12,"minecraft:mutton":10,"minecraft:cobblestone":728,"minecraft:cooked_beef":2,"minecraft:birch_slab":1,"minecraft:andesite":34,"minecraft:leather":3,"minecraft:red_mushroom":10,"minecraft:flint":8,"minecraft:tuff":19,"minecraft:oak_log":16,"minecraft:gunpowder":6,"minecraft:lapis_lazuli":14,"minecraft:dirt":107,"minecraft:cooked_mutton":1,"minecraft:bone":3,"minecraft:stonecutter":2,"minecraft:bow":1,"minecraft:wheat_seeds":9,"minecraft:stone_pickaxe":8,"minecraft:grindstone":2,"minecraft:iron_ingot":8,"alexsmobs:blobfish":2,"minecraft:oak_planks":9,"aquaculture:atlantic_herring":2,"minecraft:book":27,"minecraft:pumpkin":24,"minecraft:raw_iron_block":3,"minecraft:gravel":54,"minecraft:grass_block":2,"minecraft:loom":2,"alexsmobs:animal_dictionary":1,"minecraft:barrel":1,"minecraft:diamond":4,"minecraft:stone_axe":7,"minecraft:iron_helmet":3,"minecraft:granite":66,"minecraft:spruce_sign":6,"minecraft:gray_wool":2,"minecraft:bread":25,"minecraft:oak_sapling":1,"minecraft:damaged_anvil":2,"minecraft:black_wool":1,"minecraft:coal":84},"minecraft:dropped":{"minecraft:wheat_seeds":4,"minecraft:loom":1,"minecraft:diamond":1,"minecraft:smithing_table":1,"minecraft:iron_helmet":2,"minecraft:cobblestone":64,"minecraft:leather":1,"minecraft:raw_gold_block":1,"minecraft:stick":4,"minecraft:gray_wool":1,"minecraft:pumpkin":12,"minecraft:stonecutter":1,"minecraft:raw_iron_block":1,"minecraft:iron_pickaxe":1,"minecraft:player_head":1,"minecraft:stone_sword":1,"alexsmobs:animal_dictionary":1,"minecraft:grindstone":1,"minecraft:damaged_anvil":1,"minecraft:andesite":1,"minecraft:beetroot_seeds":4,"minecraft:barrel":1,"minecraft:stone_pickaxe":3,"minecraft:lectern":1},"minecraft:killed_by":{"minecraft:piglin_brute":4,"minecraft:creeper":2,"minecraft:skeleton":1,"minecraft:witch":1},"minecraft:broken":{"minecraft:stone_axe":1},"minecraft:custom":{"minecraft:mob_kills":22,"minecraft:interact_with_crafting_table":24,"minecraft:open_barrel":7,"minecraft:leave_game":1,"minecraft:time_since_death":53571,"minecraft:sprint_one_cm":156406,"minecraft:walk_one_cm":475170,"minecraft:drop":27,"minecraft:play_time":109945,"minecraft:deaths":8,"minecraft:sneak_time":197,"minecraft:walk_under_water_one_cm":5070,"minecraft:jump":1128,"minecraft:walk_on_water_one_cm":20147,"minecraft:total_world_time":109945,"minecraft:interact_with_furnace":40,"minecraft:sleep_in_bed":5,"minecraft:time_since_rest":5535,"minecraft:damage_taken":3930,"minecraft:damage_dealt":4740,"minecraft:swim_one_cm":16425,"minecraft:fly_one_cm":97689,"minecraft:open_chest":5,"minecraft:crouch_one_cm":718,"minecraft:fall_one_cm":19674},"minecraft:killed":{"minecraft:spider":3,"minecraft:skeleton":2,"minecraft:piglin_brute":2,"minecraft:piglin":2,"minecraft:creeper":2,"minecraft:zombie":7,"minecraft:cow":3},"minecraft:mined":{"minecraft:tuff":29,"minecraft:deepslate_diamond_ore":3,"minecraft:sculk_vein":1,"minecraft:granite":52,"minecraft:glow_lichen":1,"minecraft:coal_block":1,"minecraft:birch_slab":1,"minecraft:large_fern":4,"minecraft:raw_iron_block":1,"minecraft:furnace":1,"minecraft:iron_ore":1,"minecraft:cobbled_deepslate":6,"minecraft:andesite":23,"minecraft:deepslate_lapis_ore":3,"minecraft:deepslate_iron_ore":9,"minecraft:stone":332,"minecraft:player_head":2,"minecraft:red_bed":2,"minecraft:crafting_table":6,"minecraft:torch":2,"minecraft:sculk_sensor":1,"minecraft:copper_ore":7,"minecraft:cobblestone":7,"minecraft:sculk":1,"minecraft:wall_torch":3,"minecraft:grass":2,"minecraft:oak_log":10,"minecraft:coal_ore":20,"minecraft:gravel":27,"minecraft:dirt":14,"minecraft:red_mushroom_block":1,"minecraft:raw_copper_block":3,"minecraft:oak_leaves":4,"minecraft:deepslate":379,"minecraft:fern":1}},"DataVersion":3465}