{"stats":{"minecraft:crafted":{"minecraft:oak_planks":16,"minecraft:raw_iron":9,"minecraft:crafting_table":2,"minecraft:stick":8,"minecraft:stone_pickaxe":1,"minecraft:wooden_axe":1,"minecraft:furnace":1,"minecraft:stone_axe":1,"minecraft:cooked_mutton":5},"minecraft:picked_up":{"minecraft:stick":1,"minecraft:crafting_table":3,"minecraft:raw_iron_block":1,"minecraft:oak_log":10,"minecraft:red_bed":1,"minecraft:string":2,"minecraft:wheat_seeds":1,"minecraft:beef":2,"minecraft:granite":2,"minecraft:player_head":1,"minecraft:spruce_sign":1,"minecraft:oak_sapling":1,"minecraft:coal_block":1,"minecraft:coal":6,"minecraft:raw_copper_block":1,"minecraft:cobblestone":52},"minecraft:used":{"minecraft:cooked_mutton":2,"minecraft:wooden_axe":11,"minecraft:stone_pickaxe":18,"aquaculture:arapaima":1,"minecraft:stone_axe":2,"minecraft:beef":2,"minecraft:crafting_table":4,"aquaculture:brown_shrooma":1,"alexsmobs:animal_dictionary":1},"minecraft:killed_by":{"minecraft:creeper":2,"minecraft:witch":1},"minecraft:custom":{"minecraft:time_since_rest":16738,"minecraft:interact_with_furnace":10,"minecraft:sprint_one_cm":72839,"minecraft:damage_taken":1110,"minecraft:walk_one_cm":100859,"minecraft:mob_kills":2,"minecraft:damage_dealt":333,"minecraft:swim_one_cm":16425,"minecraft:interact_with_crafting_table":6,"minecraft:fly_one_cm":55650,"minecraft:open_barrel":1,"minecraft:play_time":28772,"minecraft:deaths":3,"minecraft:sneak_time":6,"minecraft:walk_under_water_one_cm":2244,"minecraft:leave_game":1,"minecraft:jump":329,"minecraft:walk_on_water_one_cm":16796,"minecraft:time_since_death":16715,"minecraft:total_world_time":28772,"minecraft:fall_one_cm":8936},"minecraft:killed":{"minecraft:spider":1,"minecraft:cow":1},"minecraft:mined":{"minecraft:large_fern":4,"minecraft:raw_iron_block":1,"minecraft:red_bed":1,"minecraft:crafting_table":3,"minecraft:granite":9,"minecraft:grass":1,"minecraft:coal_ore":6,"minecraft:oak_log":10,"minecraft:coal_block":1,"minecraft:raw_copper_block":1,"minecraft:stone":54,"minecraft:player_head":1,"minecraft:oak_leaves":3,"minecraft:fern":1}},"DataVersion":3465}