{"stats":{"minecraft:used":{"minecraft:beef":2,"alexsmobs:animal_dictionary":1},"minecraft:picked_up":{"minecraft:stick":1,"minecraft:wheat_seeds":1,"minecraft:beef":2,"minecraft:oak_log":5,"minecraft:string":2,"minecraft:cobblestone":16},"minecraft:killed_by":{"minecraft:creeper":2,"minecraft:witch":1},"minecraft:custom":{"minecraft:time_since_rest":2372,"minecraft:play_time":14406,"minecraft:sprint_one_cm":54042,"minecraft:walk_one_cm":35936,"minecraft:damage_taken":1060,"minecraft:deaths":3,"minecraft:walk_under_water_one_cm":801,"minecraft:mob_kills":2,"minecraft:jump":135,"minecraft:damage_dealt":333,"minecraft:time_since_death":2349,"minecraft:walk_on_water_one_cm":4618,"minecraft:total_world_time":14406,"minecraft:swim_one_cm":6069,"minecraft:fly_one_cm":33139,"minecraft:fall_one_cm":3414},"minecraft:killed":{"minecraft:spider":1,"minecraft:cow":1},"minecraft:mined":{"minecraft:large_fern":4,"minecraft:oak_log":5,"minecraft:stone":16,"minecraft:oak_leaves":2,"minecraft:fern":1}},"DataVersion":3465}